1516010081644531715,ミックスダウンやり直しにつき<n>本日も無し。<n><n>徹頭徹尾無し！
1515637308430581761,ミックスダウン闌につき<n>本日も無し。<n><n>全身全霊で無し。
1515268316985659392,レコーディング闌につき、本日のTWは無し。
1514952263587966977,鈴木さん、次は私が一本取りますからね。<n><n>またこんど！
1514951905750904841,それからまた１０年？（以上？）。今監督の追悼イベントの会場で、大勢の人が居る中、突然「平沢さん」と言って肩をたたかれました。鈴木さんです。<n><n>またやられた！<n><n>平沢めといたしましてはそれまで会場に鈴木さんが居るのを知りませんでした。<n><n>あ、こんな時間！
1514950238426992646,その時鈴木さんは開口一番「平沢さん」と名前を呼んでくださいました。P-MODELはまだ広く名前が知られていない頃にです。<n><n>その後お付き合いがあったわけではないのですが、10年後くらい某シンガーの誕生パーティーで鈴木さんは歌いながら客席に私を見つけその場で会釈されました。しまった！まただ。
1514949089854582786,鈴木慶一さんのほうが私よりもキャリアは長いわけですから、もしイベントなどでご一緒させていただくなら私のほうからご挨拶に伺うべきです。<n><n>ところが初めて学際のイベントでお会いした時には鈴木さんのほからご挨拶いただいてしまい恐縮しました。<n><n>P-MODELはデビューしたてです。
1514948015911407616,せっかくですからお詫びのしるしといっては何ですが、鈴木慶一さんとのエピソードについて話したいと思います。
1514946487343476741,鈴木慶一さんはその時代にミュージシャンがJava Scriptに興味を持つことの意味を良く理解されていたはずです。もしヒラサワが先に答えていたら鈴木さんとてもっとひねった回答をなさったと確信しています。<n><n>鈴木さんごめんなさい。
1514945278343745543,鈴木慶一さんは確かローランドのセンサー付きシンセのようなものをあげでいらした。<n><n>「では、平沢さんは？」<n><n>ときかれて<n><n>「Java script」と答えた時、鈴木さんは「わ！オマエずるい！」と言わんばかりの目で私を見ました。
1514943892537311236,鈴木慶一さんです。<n><n>対談が一段落して編集者がこう言った<n><n>「最後にお二人が現在最も興味のあるものを教えてください」<n><n>ステルスは「鈴木さんからどうぞ」と言った。
1514942840190627844,腐っている時にインターネットの可能性に飛びついた。<n><n>そんな時、ある音楽関係誌から、あるミュージシャンの方との対談に呼ばれた。
1514941417239433221,興味を持てたミュージシャンたちは何かに淘汰されてしまい徐々に姿が見えなくなった。<n><n>ライブハウスには客席にもステージにも音楽ファンがいるだけでミュージシャンが居ない。<n><n>きっぱり音楽など聴かなくなった。街にも出なくなった。<n><n>そして今に至る。
1514940138257743876,80年代中頃、ステルスは突然シラケた。<n><n>TVは操作不能の類の人々をバカにし始め、都市は巨大ショッピングモールと化し、文化ファンに溢れた文化空洞があり、音楽ファンに溢れた音楽空洞が生じていた。<n><n>もう、面白いものは外には無い。<n><n>そう思い始めた。
1514938845703262209,首を垂れた時に迎える朝とその希望よ。<n><n>首をもたげれば知らない人ばかり。<n><n>世界は半世紀以上も前からそうなっている。
1514937582206930945,毎日日の出とともにテスラ放電をかまして柏手を打ち、宇宙の幸福を脅かす従順な僕たちのお目覚めを願い一礼する。<n><n>首を垂れた時に全身に満ちた希望。そして首をもたげる時の心の叫び「無理」。
1514936584772075524,21ッターは面白くなるのだろうか？<n><n>ややワクワクしつつ、いつもの様にポーカーフェイスで暮らす。<n><n>それとも自爆してがん細胞をまき散らし多くの従順な人々をどぎまぎさせてくれるのだろうか。<n><n>そろそろ着陸態勢なのか？そう願いたいが期待せず、いつものようにポーカーフェイスで暮らす。
1514589527209250820,そのような境遇に耐えてこそ東京ガーデンシアターのステージに立てるのだ。<n><n>あ、名前思い出した。。。。<n><n>またこんど！！
1514588829348294658,にも関わらず鎮西さんが洗面所からシャカシャカシャカという音をさせるので、あ、新しい歯ブラシかな？と思って行ってみると鎮西さんは洗面所でマラカスを振っていた。
1514587718960893953,女子の楽屋にはメイクさんが居てレプロナイザーを使って髪を整えてもらえるが、男子チームは鎮西さんが使った後の歯ブラシで髪をとかせとと言われる。
1514586543813369862,女子チームには自販機だ買ったばかりの水が支給され、男子チームはトイレの横にあるボウフラの湧いた瓶の水を柄杓で飲まされた。
1514585397233270789,そして女子チームには楽屋そでにさらにメイク室のようなものが有ったが、男子チームは舞台そでの床に新聞紙が敷いてありそこで体育座りさせられる会場。<n><n>でも会場名しらない。
1514584339937329154,ZCONの会場は楽屋が全部同じ大きさで４つある楽屋の前に公共的な空間があり、大きなテーブルやソファーが有ってとても良かったものの、ステージまではエレベーターか階段で降りなければならず私なんか間違えて上がって行ってしまった会場。
1514582561875390465,例えばこんな風に覚えている。<n><n>楽屋の窓から見える高速道路で事故処理中の緊急車両の回転する赤いライトに照らされていた会場。<n>よく覚えている。<n><n>だが、会場名は知らない。
1514581436250017793,会場すら覚えていたい。<n><n>奇妙な表現。
1514581236240420877,本日、某氏との会話で「ライブはXXXとかでやるんですか？」ときかれて言葉に詰まった。<n><n>私、ライブ会場のこと知らないに等しい。自分が過去に使った会場すら覚えていたい。
1514579260345774082,マシンのトラブルは、しがらみのトラブルより被害は少なく、情緒的な澱も生じない。<n><n>ダメなら切ればよい。
1514577716300836872,私の周りは機械だらけだ。<n><n>機械を増やしてしがらみを断つ。<n><n>このようにして今に至る。
1514576519695273984,明日は某機械の調整日であり、某所に行く。
1514575193988997123,レコーディングの「明後日」は明確な約束の期日であり、明後日のほうを向いてものを言っている者が時に見落とす傾向にある前提概念だ。<n><n>概ね自称ミュージシャンの傾向として調査中。
1514574189465939970,明後日より進行中のプロジェクトのレコーディングが始まる。<n><n>明後日の方向いてものをいってんじゃないよこら、一昨日きやがれ。<n><n>の明後日である。
1513864789612584963,スズメたちは一目散に宮古島へと逃げた。<n><n>そこで一人の人物を見上げてクビをかしげた。<n><n>「この巡査、おしろい塗ってるけどどっちかな？」<n><n>またこんど！！
1513863164076564481,するとお店の人は言いました。<n><n>「あたしゃ女だよ！とっとと出てお行き！」
1513862106059214850,スズメたちは盗んだお金で無農薬のお米を買って食べました。<n><n>支払時にスズメはこう言いました。<n><n>「とっつぁん。つりはいらねえ」
1513860746014171144,その後お姉さんが何と言ったか創作してみよう。お姉さんはその後こう言ったんだ。<n><n>「病気になるよ」<n><n>スズメたちはキャッシャーからお金を盗んで蜘蛛の子を散らすように逃げて行った。<n><n>こう言いながら。<n><n>「知ってるよ」
1513859580693913603,昔HKTで見た光景。<n><n>朝、まだ開いていないコンビニの前に沢山のスズメがたむろしており、お姉さんが来てドアを開けるとスズメたちは一斉に中に入っていって、お姉さんに「こらあ、だめでしょう」と叱られていた。
1513858471048843264,では、ナメクジだらけのコンビニは安全なのかという揚げ足取りから物語が生まれる。
1513857464579477512,街中でオマエタチに絡まれた場合<n><n>懐より取り出したるナメクジをば投げつけ、オマエタチに留まるか否かで安全性を測る。<n><n>この検査においてナメクジはウソを言わない。<n><n>ナメクジにも劣る検査で溢れる世界をどうか安全に生きるてください。
1513856457954975745,まず正攻法で行けば間違いなく絡む衆が寄ってくることも、このように曲げれば面白がってよってくるのかもしれない。<n><n>初心を忘れてはいけない。<n><n>私はバイパスを行くもの。<n><n>豊潤のバイパスを行くもの。
1513855450982219781,ちょっと面白いかもしれないことを思いついてしまった。<n><n>いずれ企画書にしてみようかと思う。ただし私は絡まない企画。<n><n>街中でオマエタチに絡まれても私は絡まない。
1513854444496171015,今日、キャベツにナメクジが付いていた。<n><n>幸先良い。
1513853437913358345,パールが地点Aから地点Bまで途中経過なく飛躍する時、私から見るとAとBの間はヒラサワの現実で満ちているけど、パールには無い。<n><n>移動しながら「オマエは無い」と教えてくれるハエトリグモのパール。<n><n>無い。
1513852430991167490,春の兆しに浮かれてか、パールが出てきた。<n><n>変わりないワープ走法で軌道リープしている。
1513851424525889542,あるいは、もっと別のところに良いことが生じるかもしれない。<n><n>それは進行中のプロジェクトとは関係ない。<n><n>別。
1513850418169737216,BSP ZCON編は、はやる気持ちを押さえてじっと堪えると良い結果となる。
1513849412551733250,明日から歌詞を書く。<n><n>一つの都都逸の文句を書く。
1513502344696147969,まず進行中の曲を片付けてからだな。<n><n>あ、部屋も片付ける。<n><n>そろそろ世界も片付けて！<n><n>またこんど！！
1513501511250509824,BSPいつやろう。。。
1513499578976256002,頼む。その無意味な情緒を漂白してくれ。吐きそうだ。世界はそんなじゃない。普通に見れば分かる。
1513497903066599426,歌詞の情緒を漂白し、背筋を通すならばむしろ歌いすぎくらいのほうが強く聞こえる。
1513496760936587266,進行中の曲は「歌いすぎ」と感じたがそうでもなかった。<n><n>「歌いすぎ」とは量のことではなく、旋律のこととして。
1513494997286354946,邪人は袋小路。<n><n>死体袋は彼らのもの。<n><n>無念。手遅れの民たちは聞く耳を持たなかった。
1513493459469930497,二層下に居る賢者たちの洞察のとうり、世界は死体袋になるのだろうか？
1513492287854022656,P-MODELのサンシャインシティーを聞いて「そのままだ」と思う方々よ。<n><n>サンシャインシティーは池袋だ。<n><n>（これは無かったことにしてくれ）
1513491149062692871,真実に寄り添い、唾をかけられる方々よ。<n><n>私の声はあなた方への福袋だ。
1513490043238850565,正気を隠し、あるいは堂々と開示して生きる方々よ。<n><n>私の活動はあなた方への慰問袋だ。
1513489036664459266,通らないスジでできている世界で、鼻だけでもスジを通そうものなら基地外扱いされる。<n><n>ゆえに世界の鼻筋は通されていない。<n><n>これほどまでに不細工で埋め尽くされた惑星もないものだ。
1513488030559920129,歌の始まりを前小節の４拍めからにすると自然になった。<n><n>ステルスの言う自然は不自然のことかもしれない。
1513487029899726848,進行中の曲にパーカッシオンを加えた。曲の鼻筋が通った。
1513140033624043523,あ！だまされてる！<n><n>もうこんな時間だ。<n><n>行くぞ！（どこへ？）<n><n>またこんど！
1513139279853096970,ブロンズ色のアルマイトのボコボコにへこんだ取っ手付きのコップに鉄くさい井戸水入れておいてほしい。
1513137829341138948,ステージドリンクと言えば聞こえがいいが、舞台ソデにタオルと一緒に置いてあるあのラベルの無いペットボトルの水は、ちょっとしたスキに満杯になっている。<n><n>あれ水道水でしょ。どうなの？え？水道水でしょ？
1513136429559279623,インタラクティブ・ライブなら休憩時間が多いので１日２公演ぜんぜんいける。<n><n>本番中に休憩する男。
1513135270886998021,ところでZCONて2時間くらいあったらしい。
1513134137745424389,なんだとお？180BMPで走ったのにまだ37分しか経っていないだと？
1513133539637678080,理由なく急いだ80年代はライブハウスでも減速しない。<n><n>ニューウエーブの「ギグ」え？「ギグ」ギグ？　そう、ギグ。<n>ではテンポ180BPMなんて当たり前。<n><n>歯を食いしばる田井中貞利。
1513131707301449729,そんな私でも宮古島では時速35Kmで走る。<n><n>それでも地元の車が左によって道を空けてくれることがある。<n><n>時速35Kmで追い越しができるすがすがしい土地。
1513130148375117829,80年代は一般道も高速もどんどんスピードが上がっていく印象があった。理由なく急いだ人々。<n><n>今は運転手がボーっとしている印象がある。<n><n>それは偏見。運転手じゃなくてもボーっとしている。
1513128795154247682,最近では高速道路にも出没する。<n><n>見ると、若い男だったりする。
1513127755163963401,反省する気が無いといえば、追い越し車線でのろのろ運転を続ける運転手である。<n><n>免許取る時に習わなかったのでしょうか？<n><n>キープ・レフト！！！！！！！！！！！！！！！ぉ！！！！<n><n>聞こえた？<n><n>危険だからやめてほしい。
1513126648824143879,クビになったギター奏者は用務員という天職を兼任する社長という詐欺師として収入が断たれたわけではないので反省する気が無い。
1513125642346377221,尚、一度はギターソロを収録したもののボツにしました。<n><n>演奏をボツにしたのではなく、ギターソロそのものをボツにしたのです。<n><n>プロデューサー（自分）はギター奏者（自分）にこう言う。<n><n>おいオマエ、クビだ。
1513124639861526529,第二の仮歌を録り終え、残るは細部の研磨となる。<n><n>鎮西さんのスケジュールを押さえ、レコーディングまであと何十時間？
1512777406397902852,ライブから沢山の日が過ぎてもまだ指の皮が厚いのはアコギのせい。指の皮も今日を境に代謝の流動へと旅に出る。<n><n>人の世界観も代謝すべきなのだ。今を逃せば激烈なアイデンティティクライシスに見舞われる日が近づいている。多分。いや、そう願いたい。<n><n>私はその日に開放される。<n><n>またこんど！！
1512774375388246018,努々顧みるな<n>手遅れゆえ
1512773350392619018,ヒト科のスジは退化しました。<n><n>世界はアナウンサーの言う通り。<n><n>それ以上でも以下でもない。<n><n>正真正銘の退化です。
1512772313896271874,言語の意味するところを正確に伝えるために活舌を鍛えるのがアナウンサーです。<n><n>一方、活舌の悪いニュアンスから受け取れる膨大な情報を扱う噺家さんが存在します。<n><n>前者が信用を失った時、後者を感じるスジがものを言います。<n><n>そう、不鮮明がより多くのものを言うのです。
1512771307384946691,私は昔、話し声が今より低く、かつ活舌が良かったが言語化能力は今より劣っている。<n><n>活舌と引き換えに咲く言語の花。<n><n>あ！志ん生師匠！<n>（私は活舌の良い噺家さんは好みません）
1512770300957577218,的を得ている、あるいは勘が良い人を「アイツはスジがいい」と言ったりする。<n><n>私の高音で人科のスジを震わせたい。
1512769293879898116,ふと思う。<n><n>病気でうんうん唸る時、その音域によって特定部位の細胞が共鳴するでしょ？（やってみれば分かる）。例えば何かの腺や細胞を振動させて働きや血行を良くさせているとか？だから病気の時は唸るとか？<n><n>では、ステルスの高音は人のどの部位と共鳴するのか？とか？
1512768287624466435,昔のインタビュー等を見ると、話し声は今より低いかもしれない。<n><n>高音の伸びに伴い話し声も高くなっているのかでしょうか？<n><n>歌でコウモリを落とすまであと何年？
1512767280815423498,貴方が憤怒を向けている方向に何があるか、貴方はまったく知らないのと同じだが、貴方は知って怒っていると思っている。<n><n>理が人を見捨てる季節にさしかかった。
1512766274308214785,北を指すことと北極を知っていることはイコールではない。<n><n>だから私に北極のことは聞かないほしい。知らないから。
1512765267440332806,歩く矢印と言われるほどのなで肩に生まれ、その体形は常に上を指して道を歩んできた。<n><n>だが、水に浮かべれば北を指す。
1512764260904022024,歩く消化管を脱却し、<n><n>感得、認知、思考、創造、のスルドイ反応炉となりましょう。<n><n>あまりの熱さでゾンビが近づけない程の。
1512763254421999617,ところで<n><n>高音の伸びが良くなっている不気味な体。<n><n>貴方に良い影響を齎す体内化学反応炉と化してください。
1512762247378051080,仮歌を撮り<n><n>早速ボツにした。<n><n>ボツの数で決まるステルス品質。
1512415309868634115,煩い時は踏めば良い<n><n>そう覚えたら、さあ街に出て踏み倒そう！<n><n>またこんど！！
1512414471657992193,なお靴下はTESAL靴下であるが必須ではない。ただ裸線を素足で踏めばよい。なんなら踏まなくても身体に触れているだけでもよい。
1512413321655296000,肝心な時に限ってハムノイズが乗る。<n><n>アコギのジャックにリード線を巻き付け、線の先端を裸にして靴下の中に入れ、裸線を踏んずけたままにすればノイズは収まる。<n><n>これが正しい演奏スタイルだ。
1512412249855430656,ZCONの後片付けもままならず、指の痛さも収まらぬ今なぜアコギなのか？<n><n>墓穴の数で決まるステルス品質。<n><n>品質は指が痛い。
1512411234632568833,もう無理<n>置いていく<n><n>（GIPNOZA)
1512409547733815297,憲兵より怖いお隣さん。
1512408438646534149,あまりに幼稚な３分間憎悪で民はとんちんかんな方向に憎悪を燃やす。<n><n>殺されるぞぉ！善良の民に殺されるぞお！
1512407302887796738,踏み鳴らせ　汝善良のマシン<n><n>見た通りだ。
1512406078998257666,列を成せ　汝従順のマシン<n>連呼せよさあ思慮は今罪と知るべし<n><n>読んで字のごとくだ。解釈など無用。
1512404379994767369,パレードオタクが狂気のパレードを渇望する声を聞いた。<n><n>そこで私はブロック塀の上に上って手を広げ、こう言った。<n><n>さあ！ご覧あれ！
1512403284077662209,蒙昧の文字は書けねど未来は廉価<n><n>ゆめゆめ顧みるな手遅れゆえ<n><n>サバイバーは饒舌になっている。
1512401872941826050,ZOMBIオタクがZOMBIパン▲デミッ◇クを渇望する声を聞いた。<n><n>そこで私はミカン箱の上に上って手を広げ、こう言った。<n><n>さあ！ご覧あれ！
1512400867105800193,ZOMBIはZCONの選曲候補に上がっていた。<n><n>そんなことよりLEAKだということになった。
1512399860678504449,あ～らゆる物もぉ～のがたり<n><n>とか<n><n>ここはここに無くただストーリー<n><n>などと1982年あたりにほざいていた若造はサバイバルしてここにいる。
1512052669489172484,概念作業が終わり明日から実作業に入る。<n><n>とか言って普通に終わる。<n><n>１５点。<n><n>またこんど！！
1512051087494168581,なんだこのTwは！！<n><n>ダラダラしおって！
1512050879662231557,時間調整失敗した
1512049524327346183,分かる人、笑える人は10%に満たないという観測報告が届きました。<n><n>夢に見た我が家は天と地が逆さま。
1512048429064601601,動物の類はステルスに近づける。許可も証明書も不要。<n><n>ただしステルスに近づけるヒト科は非常に限定される。まず証明書が必要である（分かるね？）。それが有っても無理に等しい。
1512047100556562447,私は無臭だが、フルータリアンは甘い匂いがし、ブリザリアンはバラの匂いがするという説。<n><n>会ったことないのでわからない説。
1512045841233502215,13年間フルーツしか食べていない方の告白によれば、フルータリアンになってから動物が寄ってくるようになったと。<n><n>ステルス、血の匂い説が花咲くだろうか？<n><n>花咲く血の匂い。
1512044730892267520,目撃者の証言から、なぜかステルスには動物が寄ってくる。人を嫌う動物さえ威嚇せずに寄ってくると唱えられている。
1512043511796977669,いっそ震えて布団をかぶり、「水素怖い」と言ってみようか。
1512042504933179396,いっそカツオ出汁限定のMIRAIなら手を出さなかったのに。
1512041498367475717,MIRAIがうどんで動くなら。<n><n>「オヤジぃ、今なんどきだ？」<n><n>で毎回料金をちょろまかせる。<n><n>（アレうどんじゃないし）
1512040491772129286,生えるカメムシがパクチーであり<n><n>動くパクチーがカメムシである。<n><n>それ以上でも以下でもない。<n><n>だから私に近づかないで。
1512039485189537802,私はパクチーのある世界に住んでいる。<n><n>パクチーはヒラサワのある世界に住んでいる。<n><n>それ以上の関係は不要だ。
1512038479059996679,「亀裂」という字を見て「〇亀製麺」を思い出す脳内にできた何等かの反射回路。<n><n>MIRAIがうどんで動くなら。<n><n>(この程度の反射なら死人は出ない)
1512037484640751616,このままMIRAIは駐車場にその重みで亀裂を作る置物となり。<n><n>MIRAIは亀裂に
1511327797754667012,時に深夜まで雑務をこなし、ストーブの前で床寝してしまうこともある。<n><n>翌朝、出社して来た社員のチッという舌打ちで目覚める。<n><n>「はい！すぐにコーヒー淹れます！！」と眠い目をこすりながら社長の新しい一日が始まる。<n><n>Twなんかやってる場合じゃない。<n><n>またこんど！！
1511326100768505858,社員が帰った後、四畳半の会議部屋の畳のうえにお茶殻を巻いて箒で掃き出す。<n><n>茶殻は埃をよく取り、程よい殺菌作用もある。
1511325046911868932,「社長！社員は先に帰るので履物そろえておいて」<n><n>「かしこまりましたぁ！」
1511323928655933440,そしてケイオス社は決算だ。<n><n>「社長！棚から物販のB-34白を有るだけ降ろして！」<n><n>「はあい！」
1511322886979481606,そして合間をぬって逃亡する。<n><n>合間なんてあるのか？<n><n>有る！自販機と自販機の隙間にも合間を見つける！
1511321755800985602,なかなかやるもんだ。<n><n>ところでHKTのお友達は無事であろうか？<n><n>ショーに客が入らず、屋台で焼き鳥を焼いているトップダンサーは元気か。
1511320749302288385,時差と言わず日差を主張する南国の住民。KLから誕生日のお祝いメッセージと共にBEACON的配色のフラワーアレンジ写真が送られてきた。
1511319742409318400,そして、こう言えれば立派なヒラサワになれる可能性がある。<n><n>「音楽なんかやってる場合じゃない」
1511318736015351810,オマエタチの中の誰かが<n><n>「目標にしているミュージシャンは誰ですか？」<n><n>と問われ、「ヒラサワです」<n><n>と答えたなら、1%の音楽の仕事と99%の雑務をこなさなければならない。
1511317729231450112,合間を見てMカやBSPもやる。<n><n>オマエタチはどこまでステルスをこき使うのか。
1511316722627846154,次のプロジェクトは４月末までに終わらせたいと思う（余裕）。<n><n>その後は170帰路の1分間を復活させギターアルバム制作に入る。<n>同時に別のプロジェクトを進行させる。<n><n>170帰路の1分間は仕様を変え、仕切り直しになると予言されている。
1511315716112367616,次のプロジェクトは数日間概念的な作業が続く。<n><n>その間、音源の再認証とインタラクティブ・ライブのバックアップを取る。<n><n>また１５分転職モードだ。
1511314709500280834,一つのプロジェクトが終了した時、オマエタチは私に<n><n>「バックアップを取れ！おい、コラ！TAB譜を書けウスノロ！」<n><n>と言わなければならない。
1511313703513182210,オマエタチにはリマインダーの役割を負わせているアレだ。<n><n>こんなことではおちおち仕事も終われない。
1511312696058257411,次のプロジェクトに着手した。<n><n>何か言うことは無いか？
1510966433588473866,人の身体とされる99%は寄生生物であり、人の実体とは壇中というツボであり三次元的空間を占領して存在するものではない。それは概念的な点である。<n>しかし、壇中は人格の高い者の実態であり、凡人はひらがなの濁点として生きている。<n><n>おい、点。<n><n>またこんど！！
1510963769127579648,それは上唇と下唇のバランスが絶妙であり、微かに開いた隙間から歯並びの良い歯がのぞいているように見えるカエルだ。<n><n>そのカエルは人の口に寄生する。
1510962609356369927,ちなみに私は別のシャーレでTR-3Bの認証と交換できるものを培養している。
1510961532191969281,これほどスゴイ物を持っている男は常磐線の運転席から追い出されようが落胆したりしないのだ。<n><n>明日もまた運転席に座る。
1510960268968308739,それもまた目なのだが<n><n>ただの目とは一線を画す。<n><n>それは、<n><n>マツエクが要らない目なのだ。
1510959108769288193,確かに私は常磐線の運転席から追い出される身だが、だからと言って核兵器の認証と交換できるほど価値のある部位を鞄の中に隠し持っていない人間だとは言えない。
1510957990085492738,そこに車掌さんがやって来て二人とも追い出されるのだ。
1510956858655182851,おじさんは私が笑うまでしつこく言うので、ついに私はこう言う。<n><n>「お客さん、運転席に入らないでください」
1510955576833961990,毎朝常磐線で隣の席に座る勤め人のおじさんが<n><n>「寄生生物ですか。それじゃ目の中に入れても痛くない程可愛いでしょうね。はは。はははは。ぶはははは！」<n><n>と言ってくるが無視している。
1510954254919356424,私の目は寄生生物であるので、宿主から隔離される時に産卵する。<n><n>従って三日後には新しい目がふ化するのだ。
1510952802272522240,噂では、認証屋は金は受け取らず臓器と引き換えということらしい。<n><n>音源程度の認証なら片目だけで済みそうだ。
1510951728451006468,月締メ・フォルマントは片付くが、なん十種類もある認証の外れた音源をどうにかしなければならない。<n><n>CHIBA CITYサイバー街の裏路地に居る「一括認証屋」に会うにはどうすれば良いのか。
1510950592012685314,メインPCは完治したので今夜中には月締メ・フォルマントが納品される。
1510526317594173443,本日、所定の場所へと行き、所定の位置につくため、所定の時刻には帰れず、所定のTWは無し！<n><n>鮮やかになし！
1510240641422307330,野口英世が囲炉裏に落ちてヤケドしたエピソードは本当なんだろうか？<n><n>宅配便の男子は囲炉裏の灰がポータルであることを知っている。<n><n>灰をかぶった次の瞬間、彼は貴方の家でピンポーンと鳴らす。<n><n>またこんど！！<n><n>え？！
1510239373647880204,（これどうやって終わらせるんだ？）<n><n>それゆえ、宅配便の男子はしばしば青の間の囲炉裏にあたりにくる。（なんでだ？早く考えろ）
1510238115666939910,オゾン臭による紐づけがあるように、囲炉裏による紐づけも存在する。<n><n>青の間の囲炉裏と、彼方の囲炉裏が紐づけするもの。それは内分泌系に関わる調整物質の共振だ。
1510236857040179201,テスラ放電のある部屋と<n><n>転送カプセルがある部屋で共通して起こること<n><n>囲炉裏の火がよく燃える
1510235598677843982,ステルスとテスラを紐付けするのはオゾン臭である。<n><n>テスラ放電のオゾン臭<n><n>転送カプセルアイドリングのオゾン臭
1510234340591955972,その前にPCが完治し、認証の外れた音源たちを再認証する作業を終えなければならない。<n><n>破れた障子にモニターの明かりで投射されるステルスの影絵はニコラ・テスラの亡霊のようだ。
1510233083265515520,次のプロジェクトの後ステルスを転送するカプセルの到着地点は予約された。<n><n>それは予約が困難な座標だ。<n><n>TLのあらゆる地点から私がそこを転送先にセットするため、複数のステルスが同時に存在する事故が起こる。それ以来、予約は必須となっている。
1510231572741386240,町内のごみ置き場もアヤシイと思っておくほうが良い。<n><n>猫の多い町では、ごみを置きに行ったまま不法入国で逮捕されることがある。<n><n>多くのごみ置き場はルワンダのカリシンビ山麓にある。
1510230565873627138,野良猫が多い町には多くのポータルがあり、貴方は知らずに通り抜けている。<n><n>北村さんちの角を右に曲がったところにある美容院で貴方は髪を切るがそれが町内にあると思ったら大間違いだ。<n><n>それはアラスカにある。
1510229559110774788,ポータルに入った瞬間チュール臭いのはそのためだ。<n><n>貴方の猫が見当たらないと思った時、たいていはブラジルに居る。
1510228552444166147,カプセルが通るポータルはKLにある。<n><n>KLまでどうやって運ばれるのかという質問は愚問だ。3DのKLはマレーシアに有り5DのKLはどこにでもある。猫は普通に出入りしている。
1510227545978941445,そもそも「寝室のドアノブに下げた札」というが、万年床部屋の破れた障子を隠すためのボール紙のことだ。<n><n>玄関の土間から隙間風が侵入してくる。<n><n>だが、カプセルは磨かれ、チタンの銀に乱反射する月光が障子に未知の地図を描く。アイドリングの放電が作るオゾンで眩暈がする。
1510226539450937344,寝室のドアノブに「作家は仕事中」という札を下げているほどに作家の睡眠も夢見もまた仕事である。という屁理屈をこねながら転送される。
1510225532553637892,次のプロジェクトが終わるとステルスはカプセル内にセットされ目的の座標へと転送される。
1509878391893200896,鍵盤は明日もシューシュー言うだろう。<n><n>見渡せばあちこちからシューシューと聞こえて来る。<n><n>あらゆるものがエアーだから。<n><n>またこんど！！
1509877167911432197,PCが完治するのは４日の予定。<n>暫定環境で月締メ・フォルマントを作れるようになる。明日。<n><n>それから作るのでしばし待たれよ。
1509875352167862273,「いらない命」が自己決定ではないところがスリラーなのだ。
1509874270742089737,流行ってないけど。<n><n>私は難しいことを言っていない。<n><n>見たままを言っている。
1509873844625952770,健康のためなら命はいらない、という冗談が一時流行ったが、もはや冗談ではない。
1509872494294953987,ヒト科はその内なる名医たちが攻撃されている。
1509871157784166403,私は円環網、クラゲ目、ヒト科であるところのステルスなのである。
1509870100530163717,ヒト科の赤き血潮にも円環の秘法が生きているとする勇敢な人々を見た。円環の途中経過には驚くべきものがあり、ナイチンゲール、パスツールと同様、それは外から来ないと唱える人々に未来あれ。
1509868949738983440,このサイクルはクラゲが環境に応じて異種生物へと変容し、再びクラゲへと帰還する円環の原理を借りている。<n><n>私はクラゲ目、ヒト科なのだ。
1509867580973977605,吸気から呼気へのはざまでルビイとなり、呼気から吸気へのはざまでシトリンとなる。<n><n>吸う者→ルビイ→吐く者→シトリン→吸う者<n><n>都合４人からできている。<n><n>私は。
1509866298464907264,私は１の日に呼気しながら逆さに生まれ、2の日に呼気して人の子となった。<n><n>吸う者と吐く者から出来ている。<n>世界は同時に両者を見ることはできない。
1509865158167859206,吸気４<n>止気8<n>呼気24<n><n>これがステルス呼吸
1509864151899803649,GURUは吸気しかできず、呼気を求めてさらなる意識の深みへと降りて行った。<n><n>この世の呼気の生じる深みへ。
1509863155715002374,マザーボード交換により多くの音源の認証が外れてしまい、鍵盤を弾いてもシューシューと空気の音しか出ない。
1509516107350044672,ええ、前夜ですから。<n><n>またこんど！！
1509515646970695686,到来した現在が必然ではなかったことに徐々に気づくでしょう。<n><n>もう多くの人がそうであるように。
1509513429567954949,それは「来てはいけない未来」として何百年もの間想像すら許されなかった類の未来。<n><n>「来るべきではない類の現在」を来るべきではないものと定義すれば石を投げられる「現在」。<n><n>その先に未来は無い。
1509511976052920323,来なかったものはいろいろある。<n>それは王道の圧倒的行列の足音にかき消されるように消滅して行った。<n><n>しかし、この圧倒的行列の先にある未来は来ない。<n><n>確実に来る未来は「来ない類の未来」だと確信する。
1509509539741138949,「来なかった近未来」とはそもそもAMIGAのこと。それゆえOS4も来なかったし起動音も来なかった。<n><n>ヒラサワだけ来てしまったことをどうするか考えよう。
1509508369681313796,ところで私、AMIGA OS4に起動音提供したけど、OS4ごと行方不明。
1509507197834706945,ステルスOSが有るなれば、緊急アラートはこうする。<n><n>「冗談のような夜ですって？ええ前夜ですから」
1509506142736592898,多くの人がGuru MeditationのTシャツを望んだが発売されたかどうかは未確認。
1509504968604061701,赤く点滅する怖い画像は、AMIGAがトラブった時に現れる<n>「Guru Maditation」<n>と呼ばれるもの。<n><n>AMIGAコンピューターの処理プロセスはグルの瞑想だ、というオシャレな緊張感。
1509502770172342281,月締メ・フォルマント<n><n>は<n><n>完治した未来のPCの中にある。<n><n>未来に保存された過去の報告<n><n>今は何処？私は何処？
1509501764290039813,で、PCは完治したのか？<n><n>しない。<n><n>エンジニア曰く「こんなの見たことない」<n><n>彼はまた日を改めて来る。<n><n>運命にくじけた神。
1509500767907897349,マザーボードを交換したため、認証が外れてしまったソフトウエアがある。<n><n>先ほどからずっと認証を求めて空回りしている子ら。<n><n>母を求めて三千里。
1508791119785914378,そうです<n><n>もう群衆に振り返る期間は過ぎました。<n><n>逃げ惑う群れとは反対へ<n><n>落胆など無用<n><n>むこうで会いましょう！！<n><n>またこんど！！
1508789473529966593,その後、<n><n>虹の出る原理を経て慈悲の降る定理へ、<n><n>群衆には振り返らず
1508788291109556230,その前に月締めだった。<n><n>まず２月を締めてから花の咲く道理へ。
1508787061784215554,逃亡先で片付けるか？
1508786012226752516,締め切りの迫る次のプロジェクトを先に片付けるか、逃亡するか、どっちだ。
1508784348052738050,MOディスクを持って大和久宅へと深夜車を飛ばしたあの頃。<n><n>今はネット上のHDDを共有して作業ができる。<n><n>でもライブは現場に行かなくちゃ叱られる。<n><n>叱られたら叱り返したい。
1508782952519716869,AMIGAでインタラクティブ・ライブを作っていたころのバックアップは嵩がすごい。<n><n>１５０MBの巨大なフロッピーディスクが何枚？<n><n>それ読み取る機械存在するの？今。
1508781818967109645,再演は無くとも、大枠電子画伯の作品は残すべきかと。<n><n>あ、ルビイとシトリンの素材もきっと役に立つ。
1508780178033754122,本日、宅配便が「運命」を運んで来た。<n><n>明日、「神」が派遣されてくる。<n><n>私は誰。
1508779062940278792,あまりに不合理な段取りを復唱するのみのサポートにステルスやや声を荒げる場面があったが、言われた通りにするしかないサポート君には丁寧に謝罪し、運命を受け入れた。
1508777994268991492,マシンは昨年12月に買ったばかり。<n><n>もっとも迅速なサポート契約に従いエンジニア派遣と相成りました。
1508776988147806213,ガワに内蔵とタマシーが投入されたらバックアップの旅が始まる。<n><n>旅には便乗したい。近づく景色はバイデジタル。
1508775989228314633,明日エンジニアがメインマシン修理に派遣されてくる。<n><n>それに先立ちパーツが送られてきた。パーツというよりマザーボード。マザーボード全とっかえ。<n><n>残るのガワだけ。
1508428764560379909,これは信じてほしいのですが、3公演めでようやく声の調子が出てきた。<n><n>今日が絶好調！<n><n>じゃ、歌いに行くので。<n><n>またこんど！！
1508427713450758151,BSPや月締めのためにネタをとっておかなければならないtwのもどかしさ。
1508426601650098176,蚯蚓腫れの数で決まるステルス品質。
1508425278426849280,ショーが情報過多なら楽屋はその5倍過多だ。<n><n>これは盛ってない。<n><n>わたしはスタッフに鞭で打たれる覚悟がある。
1508424149383127042,多分、脳の強制回転で糖質は消費されてしまうのか、というイメージ。<n><n>ライブまえにこれほど出演者やスタッフに頭使わせる現場があったら教えてほしい。<n><n>私は飴と鞭を与えない。飴の味のする鞭を与えるのだ。
1508423085086883843,通常は一日1.5食のところライブの楽屋では二食以上食べてしまう。<n><n>出されるから食べてしまう。<n><n>しかし体重は減っている。<n><n>羨望の視線が注がれる身体。
1508422048426905610,キーひとつひとつがピラミッド形をしており、打つと逆さまになります。<n><n>ピラミッドが逆さまにされてゆく日々。いいぞ、もっとやれ。
1508421032159608841,サブのまたサブのマシンからのTwでありますからキーボードの形状に不慣れで誤字脱字がはびこっています。
1508420248873349130,なぜのような動きいなったかは前々回？の月締メで話している。<n><n>しかしやっぱり当人たちのキャラがあってこその質感。<n><n>だってまたルビイとシトリンに会いたいだろ？
1508419075458109440,ルビイとシトリンの映画作りたい。<n><n>あの動きで。
1508417971999612935,そして月曜日の朝礼では燃えカスになった社員の前でこう言うのだ。<n><n>「灰舞え！」<n><n>グレー企業
1508416893505667083,通常はライブ後スタッフ間で<n><n>「おつかれさまー」とかのメールが飛び交うわけですが、全然来ない。<n><n>燃え尽きている。<n><n>スタッフを燃えカスにしてしまう社長。
1508415847802769409,ゆえにインタビューなどでは原稿起こしが最も大変なアーチストと言われています。<n><n>嘘だけど。
1508414600462569472,ルビイとシトリンは傑作だ。<n>私の発案には違いございませんが、当人たちの役作りによるところが大きい。<n><n>一方、役作りすらしていない、スの道化。
1508413604181078016,朝からメインマシンが起動しない。<n><n>マシントラブルも時をわきまえるようになった。<n><n>通常ならこういうことは大事な作業中に起こる。<n><n>一方、時をわきまえず、増えたり減ったりする男。
1505359923458179080,ただし、スクリーンには「CALL」と表示されます。
1505359338566606852,ただし録音は禁止です。<n><n>そこでの録音行為は法に触れる可能性があります。
1505358914824523779,ただし、現場で実験したところ部屋では大きく聞こえても会場ではそれほど大きくない。BGMに負けてしまいそうなら拍手等で対処するもよし。<n><n>これは会場でもアナウンスいたします。
1505358370718420993,インタラクティブ・ライブZCONの会場におきまして、観客が「声を出さない」ことが開催条件とされている場合の声とは、その場に居る肉体の声帯から発せられる音をいう。<n><n>携帯に録音された「ひらさわーー！！！」とか「うおーー！！！」とかは禁止されないのである。
1505347252264394752,ごきげんよう。<n><n>サイゼリヤの間違い探しより平易な世界で存在を満たしている反射反応の圧倒的多数に疲弊し、傷ついている人々のサバイバルを<n>沈丁花の香りと共に祈る。
1504659601588772877,多忙は外食への誘惑との二人ばおりである。<n><n>背後の者を振り切るには太陽系亜キッチンに凛として立つ。<n><n>この食事が私を守る<n><n>という呪文とともに粗食を組み立てる。
1503535088180424709,これは夜の暗がりで見つけた沈丁花。
1503250898939645955,朝からあちこちでケアレスミスが出ており、笑い切って午後に至る。<n><n>ケアレスミスでは決まらないステルス品質。
1502911579502772228,季節の高菜やニュートリショナルイーストとカレー粉を効かせたアゲは文字通り食欲も志気もアゲるがおじさんのダジャレとは次元を異にする美味さ。<n><n>前回のケール＋パクチーと共にややケア方向に振られたチューニングだが、KENJU-OSのパンチの効いた手応えは健在。
1502468751085617157,仕事する
1502468555542917121,ああ、まったく。<n><n>だからと言って短絡を奨励しているわけではないので。
1502467196215169028,どんなケースでも考えなきゃいけないなんて思わない自由さをもっていてほしい。<n><n>要はこうだ。<n><n>考える価値があるものと、素通りできるものの区別ができる「解放」状態にいてほしいということ。<n><n>なぞなぞの解説は今日もあっちで。
1502464769881612290,おめでとう。<n><n>全部正解です。
1502462207551975424,1996年。マレーシアKLの最高裁判所の前で文脈牢に閉じ込められた男が目撃されている。<n>その後彼は何処に行ったのか？<n><n>１：行方不明<n>２：先日見た<n>３：そもそも存在しない
1502255303055720453,本日も311と書かれたカードを、そっと机の下から貴方に私ます。
1502062562812198913,地上では、登らない選択枝を見つけた小さな人影が雲を見上げていた。
1502062388962476032,見はるかす遥か、泡立つ甘露のような雲海の上では地上から伸びた梯子の上で絶え間なく生じる紫や青やオレンジの閃光が月明りを凌ぐ強さで夜を飲み込んでいる。<n><n>その数は数億、数十億にのぼり、その息をのむ光景は自らが圧倒されるほどだ。
1502061981813018624,次のTWはバイパスに生じる蜃気楼であり如何なる含蓄も含まれていない。にも拘わらずこのような表現が鼻に付くならば立ち去る良い機会です。
1501745210593710082,これは心像風景であり、具体的何かを非難するものでもなければ何かへの回答ですらない。<n><n>---------------------------------<n>美しいとさえ思えるほどの<n>見事な文脈の整列を見た。<n>そこでは前提さえ退散する<n>激しい情緒が投影先を求めて<n>咲こう咲こうとしている。<n>---------------------------------
1501354705179447300,ただし、現状では多すぎる。<n><n>今後はランキングだのバズるの頼んでもいない機能がない場所との使い分け、あるいは平行進行、あるいは完全引っ越し、なども視野に入れております。
1501352738579378178,「第９曼荼羅」のあたりから「多数」への対応の不毛さを思い、いつTwをやめるべきかと考える時もございましたが、ここに来てステルスの姿勢について、複数者によるあまりに的確な解析に出会い、正直言いたくないけど、やっててよかったと思うに至りました。
1501351258560491527,あるいは考えずとも「そのうち分かるだろう。あるいは、わからん」と静観できる落ち着きが必要でしょう。
1501350279622512642,定期点検です。<n><n>間違った場所に来ていないか胸に手を当てて点検してください。<n><n>ここは一般的な世界観が忌避するもので溢れており、コイツは何故こんなことを言うんだ？と<n>考える習慣の無い人には向きません。
1501085764678938625,貴方の認知的不協和が求める敵をヒラサワに投影している間に、人々が寿命を縮める本当の理由が隠されてしまいます。<n><n>それがやめられないほどあなたの感情が激しいなら、私から得るものは何もないのですぐに離れてください。
1501082951282425861,貴方の認知的不協和が求める敵をヒラサワに投影している間に、人々が殺される本当の理由が隠されてしまいます。<n><n>それがやめられないほどあなたの感情が激しいなら、私から得るものは何もないのですぐに離れてください。
1501082246236626946,実際に一方（本物）は虐げられた歴史を持っていますね。<n><n>では虐げたのは誰ですか？<n><n>あなたはこれを受け入れないかもしれない。でも、それはもう一方の流れをくむ人々です。
1501080843665612800,一般的には一種類という認識ですが、その文脈では全く私の言うことの意味が分かりません。<n><n>ヒラサワは何故あんなことを言う？と思った方には学ぶチャンスがあります。<n><n>脊髄反射敵意にヒラサワはついに戦争賛同者になったか、と鼻息を荒くする民は、知るチャンスを失っています。
1501079883119661058,ここでまたとない「謙虚なユーザー」フレンドリーなお話を。<n><n>知ってる人には基本中の基本です。<n><n>貴方の正義感と同情心を揺さぶる悲劇の民には二種類いることを知っていましたか？知らなければどっかで学んでください。
1501078887668727811,さて、ZCONの準備も佳境に入り、これからはライブが終わるまでTwは分散的にばらまかれると予言します。
1500819056961605632,あらまあ、こんな時間。<n><n>こんな時間で始まり、こんな時間で終わる折り目の有る構文Twはこれでおします。<n><n>それでは次の凍てつくTwでお会いしましょう。<n><n>またこんど！！
1500818044389449732,知らなかったでは済まない惑星規模の共犯。<n><n>さあ、真意に迫る者に憎悪を向けよ。
1500816732532867075,脊髄反射のスパークが夜空を彩る平和な世界。
1500815536166346752,人の善意を前提とするものの全てが適切だとは限らないという視点は時に人と自分を守る。それが本当に必要なものなのか自分で調べてみるがいい。貴方がずっと信じて来た年月と同じ年月をかけて調べろとは言わない。もっと短くてよい。<n><n>一方ネオナチにせっせと募金するグロテスクな善意たち。
1500813854879584256,ゆえに私は己の血液型を知らない。<n><n>人は「学校で検査したでしょう？」というが、そんなの見たことも聞いたこともない。
1500812697788551175,私は献血をしたことがない。そもそも何かのアレを感じるし、そもそも体重計に乗った時点で「輸血しましょうか？」と言われるほどだ。<n><n>後者はウソだけど。<n><n>輸血拒否。海水歓迎。
1500811634943483907,ところが私は血を抜かれたことのない生え抜きの江戸っ子なのだ。<n><n>この世には抜かれるものが多いということが分かるためになるTw。
1500810401671368705,一方私は体臭が抜かれており、抜きん出るという意味ではギタリストの中では抜きん出て指が痛い。
1500809361848889344,青は西洋人の目を抜き、<n><n>江戸は生き馬の目を抜く。<n><n>グレー目が抜かれるエピソードが無いことは生きる希望だ。
1500808225238642690,昔、クロマキーは青を使っており、俗にブルーバックとか言っちゃってたが、いつの間にかグリーンが抜かれる運命を引き継いでた。<n><n>多分。多分だが、青だと西洋人の目が抜けてしまうからかもしれない。
1500807137336840194,解決策は２つ。<n><n>１：降りて来ないなら私が昇って行こう<n><n>２：グリーンじゃなければ抜けないわけではないので、青の間の青い壁の前で撮影し、壁を抜けばよいが、そうすると寒風が吹きこんでくるので困る。
1500805936675385346,青の間には天井から降りてくるグリーンスクリーンがあり、それを用いてクロマキー撮影をするのだ。<n><n>ところがそのスクリーンが途中までしか降りてこないのだ。
1500804807073812481,下がるべき所まで下がって来ない中空のグリーンスクリーを恨めし気な眼差しで見つめる出鼻をくじかれた男が挙手する様を見てみましょう。<n><n>はい！
1500803708858220544,こんな時間！
1500456442158977024,デタラメをデタラメと言えない<n><n>「王様の耳はロバの耳ギター」<n><n>寝るときは外します（耳）<n><n>また今度！！（不発感）
1500455562449879041,昔ディレクターが<n><n>「ヒラサワさん、ここのパートでいつも弾いてるみたいなギター弾いてくださいよ」<n><n>「え？どんなやつですか？」<n><n>「あのいつも弾いてるみたいなやつですよ」<n><n>デタラメと言えないディレクター。
1500454446404231170,さあ、みんなでどれがミストーンか当てよう！
1500453936989282308,反ギタリスト、平沢進がただデタラメに弾くミストーン続出のギター有料ライブ放送。<n><n>料金は幾らかお決めください。
1500452780095328262,今、無駄につま弾いている間に面白いフレーズが沢山出た。<n><n>それがどうした。
1500451695901347847,そして次のTwを考えながら今もつま弾いていたが指が痛くなったのでやめた。<n><n>大事な指を痛くしてまで弾かないほうが良いとの心の声。
1500450532657283072,買ってから弦高すら調整していないギターがある。<n><n>そう言うけどな、いったいどこに弦高を調整する時間があるというのだ？<n><n>弾いてる最中か？<n><n>いいこと言う。
1500449351537430528,そう言うけどな、休憩中にギター弾かなかったら何時弾けというのだ？
1500448251794771977,本日のステルス異常行動。<n><n>「休憩しよう！」と独り言を言い、やおらストラトPHYTOELECTRONをかついで爪弾きながらスタジオを出て待合室を5周する。
1500446804260712453,自粛
1500445453820706816,そうすれば水素ステーションへ行って帰ってくるまでに水素が減ることはない。<n><n>具合よい。
1500444377532878850,MIRAIのガワを使って中は自転車と定めることに異論があるなら今のうち聞く。
1500443073511399425,私を嫌う車のシートと嫌わないシートはシートが原因ではなくアクセルペダルが原因だとわかった。<n><n>プリウスには歓迎されMIRAIには嫌われる後方下位双丘筋の悲哀。<n><n>（そんな筋は無いので検索しないように)
1500442067121709062,ちょいと息抜きのために外でコーヒーでも飲んでみようかと車を走らせて後方下位双丘筋を圧迫したにも関わらず店はつぶれていた。<n>双丘筋もつぶれていた。
1500441067963006982,電柱にぶつかるのが怖くて額に分厚いパッドを縫い付けている家族がいると評判の町がある。<n><n>無い。
1500094112766124032,実はヒラサワに５灯をあてると凄い人になるがこれは世の中が良くなってからでないと明かせない。<n><n>実は、家では6灯で暮らしているのだが。その姿は恐ろしくて言えない。<n><n>またこんど！！
1500093281719369729,そのうちの１灯でも消すと田井中貞利の顔になり、2灯消せばことぶき光になる。3灯消すと田中靖美になる。このことから分かることは、P-MODELとは実はヒラサワ一人であり、照明のアレンジでメンバーを作りだしていたのだ。<n><n>ちがうけど。
1500092036862537733,右上からの自然光の他3か所からの照明によりステルスは別人になる。<n><n>オマエタチが見ているステルスは別人なのだ。
1500090723542044672,その場合、迅速に撮影を済ませなければ蚊やハエが寄ってくる、という警告文が添えられていた。<n><n>いないけど。
1500089608138215427,見られる職業の性か。撮られているとわかると顔の皮膚が微振動をはじめ、シミ、小じわ等が目立たない「ぼかし」効果を発揮する。<n>その振動が声の周波数に加算されるという観察記録を見たことがある。<n><n>ないけど。
1500088400304488452,顔出し無しでナレーションを撮ると声は低音方面に傾き、顔出しありでナレーションを撮ると声は高音方面に傾く。
1500087167908933635,一つ気が付いたことがある。<n><n>（毎日いろいろ気が付くステルス）
1500086203843895296,というわけでもないが、撮り直す。<n><n>端的に言うと：撮り直す。
1500084975000948738,それほどに白黒を濁すことなく明治すればTw▽tt〇erのアカウントは消される可能性があり、メディアにはファシストと呼ばれる危険性がある。<n><n>別にいいけど。
1500083354926215169,上は真っ黒で下は真っ白であるため特に夜間は頭部に航空機がぶつかる可能性があり、下部はその反射光により近隣住民が眠れないと苦情が殺到したと記録されている。
1500082150153994245,脱色したバービー人形を冷凍庫で凍らせて霜が降りたほど白く、一方鼻から上は南洋の酋長の娘の胆石ほど黒い。<n><n>（これは悪い比喩です。南洋の酋長の娘は胆石が溜まるような生活はしないと思います）
1500080962171932672,その白さたるや死んだ雪女の唇より白い。
1500079679323004929,パッと見には気づかねど、ふと冷静に眺めれば、鼻から下が白すぎに映る照明はステルスの顔を小動物に例えられるほどの失敗策だ（あるいは成功策）。<n><n>ゆえに明日全部撮り直す。<n><n>全部撮り直しの数で決まるヒラサワ品質。
1500078679841382414,赤いほっぺの鳥は今日もまだ来なかった。<n><n>ハッサクを買って待っている朝起き鳥。耳を澄まして微かな鼻歌を探す。
1499731513964855302,プロデューサーかディレクターでしょう。<n><n>では「ステルス」は誰が？<n><n>それは事実に基づく自然発生的な呼称であり誰もが認める表現です。<n><n>では、またこんど！<n>（不発感）
1499729795529072640,しかしパワーホールというタイトル、誰が付けたんだろう？<n><n>異母犯妙じゃない。
1499728800757600257,MIRAIでおなじみの。。。。誰だっけ？<n><n>フジロックでおなじみの。。。。誰だっけ？<n><n>パワーホールでおなじみの。。。誰だっけ？
1499727730727788547,「明日午後いかがでしょう？」<n><n>「お名前伺えますか？」<n><n>「ヒラサワです」<n><n>「ヒラサワ様。。。。」<n><n>「前回MIRAIで行きました」<n><n>「ああ！ありがとうございます」
1499726217720651777,この世ではセグウエイがステルスフレンドリーな乗り物なのだ。<n><n>キックボードやサーフボードも良い。
1499725133727944707,そのような軋轢から逃れるため、後方下位双丘の健康で文化的な生存権を発動して二時間ほど外出しようと企てた。
1499723677180448770,この世の椅子という椅子に嫌われている私でさえ、座らなければ仕事ができない。椅子たちは親の仇のように私の後方下位双丘にダメージを与える。
1499722444910727172,そこから始めれば何十年も伸ばすことができる。<n><n>ところが、短くしようとすると１分でも苦しく、２分では息の吸い方を忘れる。今日まだ吸っていない。
1499721317632729091,亀有、日本紙業の赤レンガの倉庫で、煙たつ発酵古紙の間から生まれ落ちたのが私だ。
1499720311092269067,インタラクティブ・ライブのストーリーなど伸ばそうと思えばいくらでも伸びるのだ。<n><n>何ならステルスの出産シーンから初めても良い。
1499719304350081025,青の間の緑ののれんを上げて出たところには輪切りの橙色の柑橘を啄みに来るほっぺの赤い鳥はまだ見えない。今日はどちらでお食事を？
1499718297792692227,短縮シーン、DVDのためにフルサイズを撮るという仕事を先延ばしにして涼しい顔をする。<n><n>冬に涼し気な男。
1499717291700891648,三度目の撮影からは全て青の間で撮影される。<n><n>青の間にもあるグリーンスクリーンの前でグレーの目と白い髪の映像を処理して充血した赤い目。<n><n>全部合わせると何色だ？
1499716297168494596,本日も1分短縮に成功した。都合2分削減したので三度めの撮影を開始した。
1499369957791977475,それでは物販で「着ると三年後に内蔵が飛び出てしまうコーチジャケット」を売ることにして終わる。<n><n>その前に他のが効いてくるかもな。<n><n>またこんど！！
1499369276381138944,あ、<n><n>次のTwで凍えるように終わるか<n><n>むごたらしく終わるか決めてください。
1499368450489077762,ストーリーは有るがインタラクティブではないライブを作るとどうなるんだろう？
1499367204797632514,90分削るとスッキリするがライブが無くなってしまう。<n><n>解毒剤を飲みすぎて自分が無くなるあんどう蒼みたいだ。
1499366130158223364,そして長すぎるシーンを今切り詰めている。<n><n>ライブの流れを優先するために、やむなく情緒を削る方向に向かう。<n><n>１分縮まった。もう１分縮めたい。
1499364916972511234,嫌な予感の数で決まるヒラサワ品質。<n><n>怖い？<n><n>大和久画伯のCGはもっと怖いぞ。<n><n>こわ！
1499363791062003715,ここに至ってまだ矛盾が浮上するZCON。<n><n>さあ、直そう！<n><n>あのシャンパンタワーの下から３番目のグラスを取り換えるんだヒラサワ！
1499362255812526081,金払う価値があるのか無いのか分かるようになってから払えこら！<n><n>自分の耳と目で確かめろこら！
1499361106908913667,だいたい観客も観客だ<n><n>中略<n><n>…みたいなところに吹き溜まりおって。お前らが金払うから勘違いするんだ！
1499360007225110528,「成立」と「完成」を混同するなこの不細工め！ゴミみたいなフレーズ弾きおってからに。そんなギターはのこぎりで切ってやる！
1499358833109389317,どの手で弾いた曲を完成とぬかすかぁ！その手を出せ！切ってやる！<n><n>どの喉で歌った歌を完成とぬかすかぁ！口を開け！煮え湯を飲ましてやる！
1499357698885779456,鬼プロデューサーはこれぞと思った者は叱咤し、叱咤し。叱咤する。<n><n>「誰が途中でやめろと言った！」<n><n>「これ完成です！」<n><n>「途中だこら！」
1499356599193780229,世界を抜けと言わんばかりに佇む鬼コーチ。<n><n>鬼を残してグリーン残さず。
1499353930412617734,ちょっと待て。もうこんな時間か。
1498644591943159810,地球が時速1700kmで回転しているということを知ってもまだ人に言わないほうがいい。将来恥をかく日が来るかもしれない。<n><n>それまでに私が止める。<n><n>またこんど！！
1498643689395998722,実は世界中の回転寿司が地球の自転速度を制御しているのだ。<n><n>そのおかげで現在時速1700kmですんでいる。その上を自転方向に走る車は全て確実にスピード違反だ。
1498641803485978627,隣接地に回転寿司ができる理由を考察した。<n><n>１：一方が左回転でもう一方が右回転<n><n>２：ベルトは地下でつながっており、一方は新鮮でもう一方は移動中鮮度が落ちたものを廉価販売する。<n><n>３：相手を潰すという進化論的暴力基地。
1498640626979512322,「近くにできた」<n><n>で思い出した。<n><n>回転寿司の向かいに回転寿司がオープンしようとしている。
1498639607289708550,知り合いの家のすぐ近くに水素ステーションができたそうだ。<n><n>それがどうした？
1498638476941541376,熱々のデカフェ<n><n>＋<n><n>ジャスミン緑茶＋ミントのミスト
1498636945500434434,今日２杯目のデカフェを淹れてくる。
1498635830654504963,私はイラクのアレの時から定点カメラファンだ。<n><n>今日も世界はデタラメで動かされている。
1498634733810450434,件のカフェは私の知る限り最も広く、体育館のようである。<n><n>店内カメラが有れば一目瞭然だ。<n><n>さあ、使いまわし、捏造映像や、悲劇のクライシスアクターなどに目もくれず、定点Webカメラを見よう！
1498633652380450819,宇宙の理としてピタゴラカフェはネット上で営業中となっていても信用ならないので調べると営業していた。<n><n>GOOOOOOOGLEで込み具合を調べると「やや混んでいる」と出た。<n><n>店内はケイオス関係者４人だけだ。<n><n>二人が「やや」で二人が「混んでいる」と定義する誤誘導機関。
1498632593830383616,あまりに早く終わったために最寄りのピタゴラカフェで茶をして満腹になるけしからん午後の男は私だ。
1498631251032358915,この他、１種類ともう１種類の２タイプ（衣服ではない）も見た。<n><n>私が欲しい。
1498630127957078020,本日は二度目の撮影。<n><n>予定より３時間も早くおわり、物販のモデルをさせられた。<n><n>そこに物販が用意されているのは何故だ？
1498281908320366592,頭蓋骨が脱げなくなったまーちゃんは鳴きながら中川橋を渡った。<n>履いた頭蓋骨がアスファルトにこすれて「コーッ、コーッ」と鳴った。<n><n>「ぬげっぺ～？」<n><n>「ぬげね」<n><n>コーッ、コーッ<n><n>「ぬげっぺ～？」<n><n>「ぬげね」<n><n>コーッ、コーッ<n><n>そうして22時になった。<n><n>またこんど！！
1498281173465788421,低学年ステルスは頭蓋骨を植物から切り離し、まーちゃんのほうへ投げた。<n><n>まーちゃんは「靴みたいだ！」と叫び「うへへ、うへへへ」と言いながら頭蓋骨を履いた。<n><n>脱げなくなった。<n><n>「ぬげね」<n><n>「ぬげっぺ？」<n><n>「ぬげね」<n><n>「ぬげっぺ？」
1498279998427320320,雑草や枯れたつる植物などが絡んだ犬の頭蓋骨につかまり低学年ステルスは着水を免れた。<n><n>良かったっぺー！<n><n>良かったっぺー！
1498278856142163974,低学年ステルスよ、それは犬の頭蓋骨であり、鋭い歯がしっかりと手を捉えている。<n><n>痛かっぺー？！<n><n>痛かっぺー？！<n><n>だがステルスの落下は止まった。<n><n>怖かっぺー！<n><n>怖かっぺー！
1498277819704430594,このままでは中川の藻屑となり鮒のうろこで削られ離散するかつての子供、となってしまう。<n><n>転がる途中で雑草をつかむがちぎれて止まらない。<n><n>あわや日本紙業の汚水に頭部から飲み込まれようとしたその時、硬い物に手が触れ「痛い！」と叫んだステルス。
1498276599732441089,「だめだっぺ！　だめだっぺーーー！」<n><n>と、転がるアンパンに手を差し伸べたその時、低学年ステルスは頭から斜面を転がり落ちて行った。<n><n>めだっぺぇ！　だめだっぺーーーぇ！
1498275509884448773,ん？幼稚園児というようり小学校低学年だったかもしれない。<n><n>ある日低学年ステルスは紙袋からアンパンを出し「これたべるっぺ」と言って口に運ぼうとしたその時、アンパンはステルスの手を離れ土手の斜面を川に向かって転がり落ちていった。<n><n>まるで「おにぎりころりん」だ。
1498274302633730052,それゆえ幼児ステルスとまーちゃんは憧れのいなかっぺに成りすまし、中川の土手の斜面に座って「これうまかっぺ」「そうだっぺ」とアヤシイ茨城弁を話しながらパンを食べるのであった。<n><n>すごかっぺ？
1498273209392660480,幼稚園児ステルスは幼稚園児まーちゃんと「いなかっぺごっこ」をするための相棒同志であった。<n><n>これは真剣な遊びであった。何故なら夏になると田舎のある子供たちは蝉や鉄の味のする井戸水やクワガタの居るワンダーランドに帰ってしまい、東京ネイティブは帰るところがない。
1498272053253705728,川流れといえば「金槌」と「骸骨に助けられた日」を思い出す。<n><n>今日は「骸骨」のほうへ遡って行こう。
1498270836754575362,朝帰りのキャバ蔵姉妹がザリガニ釣りをしている田んぼで貴方もステルス釣りをしてみるのはどうだ。<n><n>もしも連れたらオオバンの群れと一緒にワンワンと鳴きながら川下りをしよう。<n><n>キャバ蔵姉妹、バナナ、ステルス、オオバン、貴方の順番で流れてゆけ見事なアレだ。
1498269752841617411,釣り針の先端にバナナを付けてつくば山頂から垂らせばステルスが釣れる<n><n>ない。
1498268746221121537,以前は品目によって棲み分けができていたように感じるが今ではバナナをめぐるゼロか１かの争奪戦だ。<n><n>悔しいかなステルスはバナナのほうに流れてゆく。
1498267740397875205,近頃近所の競合するスーパーで有機作物の獲得合戦が行われている。<n><n>ある作物が一方に有る日はもう一方にまったく無い、というエゲツナイ争いだ。
1498266740987346946,近頃はバナナハンターである。<n><n>ステルスはバナナハンターであり<n><n>バナナはステルスハンターである
1497919990602731521,MIRAIは私のもも裏を取りに来る。<n><n>先進のアイツが先取りしたものはステルスの嗚咽ばかりではなかった。<n><n>もーー！！自分で走る！！<n><n>またこんど！！
1497919228220829700,そして自動車の椅子。<n><n>どうして車種によって違いが出るのか勉強していないが、ももの裏側を支えられながら運転するくらいなら車のあとを走ってついていくほうがマシ。
1497918237467545601,椅子によってももの裏側も支えられることが望ましいとする意見を聞いたことがある。<n><n>私としてはももの裏側を椅子ごときに支えられたくないのだ。<n><n>それでも支えにかかってくる一番邪悪な椅子が旅客機の椅子。
1497917191886290950,ところで私はこの世の椅子という椅子に嫌われていると思う。<n><n>あるいは私の体のどの部位をとってみても如何なる平均値からも逸脱している変形の集合なのかと思われる。<n><n>変形の集合。
1497915828959805441,目標は自分のTwを追い抜くTwをすること。<n><n>「あいつは足が速いからすぐ泥棒も捕まるさ」<n><n>「おお、来た来た。おい泥棒はどうした？」<n><n>「後から来る」<n><n>みたいな
1497914704391405570,といっても毎日完全にライブだけど。
1497914368352145409,いつもは３つ先くらいのTwをアップしているプリロード型Twでありますが、本日は完全にライブなため１分ほどの遅れを追いかける追跡型Twとなっております。
1497912867957268483,ステルスの母親はステルスより20センチ海面に近く20キロ重い。<n><n>この世のエネルギーが行くべきところに行っていない、エネルギー偏在がある。
1497910814186954757,屈強な運び男とは私の事です。<n><n>見ればわかるでしょ。<n><n>老婆の糖質エネルギーで運ばれたビタミン、ミネラル、アミノ酸、フィトケミカルが貴方の血肉となる円環の歌。
1497909352790773760,朝のやっちゃばでは小ぎれいな老婆が七輪で焼いた磯部焼を朝食にする屈強な運び男たちの威勢に花が咲きます。
1497907927801163776,もしオートミールのお好み焼きをひっくり返すのが困難だと感じ、少々粘度を増したいのならエッグリプレイサーを用いるとよいかもしれません。<n><n>粘度およびそれ以外の理由でお餅を混ぜると翌日体重計の上で気持ちが転びますよ。
1497906832051884035,「私は転ばないかもしれない」と思いながらオートミールでお好み焼きを作った昨日に比べ今朝の体重が少ないのは予想通りだ。
1497905391832731649,転ばぬ杖の先<n><n>もし転ばなかったとしても道に落ちている杖につまずくことがあるので、転んで手をつくと予想される場所に危ないものが落ちていないかを調べるためにまず転んでみよう、という教訓かもしれない。<n><n>「私は転ばないかもしれない」と思って歩く全ての人へ。
1497904353738375172,慌てる貰いは乞食が少ない<n><n>慌てるステルス月締メを撮るぜ<n><n>「ぜ」を伴う撮影の終わり
1497557922955415555,美顔器などは使いません。なんで私がそんなもの使うんですか？<n><n>その問いを抱いて今日も中に液体があって外に液体がない舟、湯舟へ。<n><n>この逆さまはご愛敬だ。しかしあいつらの逆さまは人類を殺しまくる逆さまだ。そんなものを家の中に置いているのオカシイと思わないか？<n><n>またこんど！！
1497556499920396294,頭髪はシリコン製の鍋つかみで洗います。<n><n>最近はほぼ水シャン。<n><n>鍋をつかむとき、それが己の頭部だという幻想を見る幻想。
1497555421208653830,電動歯ブラシを使ったらやめられなくなりました。依存性のある物質。ハブ中。
1497554325685428226,自然界の植物の集合を見る時、絵具などのグリーンというのはほとんど見当たらず、だいたいオリーブグリーンのバリエーションだというのが私の観察であります。
1497553195593199616,バスタオルの色はオリーブグリーン。抹茶、あるいはオリーブオイルの色であります。
1497552152280977410,入浴中はずっと呼吸法を用いています。<n><n>入浴中に呼吸法を用いる話をあまり聞いたことがないので、もしかしたらやってはいけないのかもしれません。今のところ弊害はありません。
1497550827489153027,風呂には携帯をもって行き、ブルートゥース接続のスピーカーより音曲を奏でています。<n><n>この選曲は非常に難しく困難です。なぜならリラクゼーション周辺音楽はゴミだらけだからです。
1497549762744107008,入浴剤として硫酸マグネシウムを用います。これは風呂釜を傷めないので追い炊きが可能。<n><n>硫酸マグネシウムは俗称エプソムソルトと呼ばれているソルトではない物質です。
1497548654390890503,もうだいぶ前から石鹸を常時使うことはしておりません。シャンプーやリンスの類も使っておりません。<n><n>脱皮するからです。
1497547521991737346,質疑はステルスの入浴アイテムについてだ。<n><n>さあ、始めよう！<n><n>あと、もう一回言う。<n><n>天と地が逆さまだ。
1497546424963112960,今日も今日とて頭の回転はもっと良いことのためにとっておきたいので質疑応答にする。<n><n>何の質疑にするか考えるので待つように（あ、頭使ってる）
1497545277305020421,さ、次行く。
1497544103965315073,しかし壮大な茶番が起きるたびに断末魔を見るようだ。背水の陣のやけくそを見るようだ。<n><n>そうだろ？0.1%の兄弟。
1497541963767291904,今日も今日とてとことん騙されている世界。<n><n>夢に見た我が家は天と地が逆さま
1497194717636825088,ですからピンク以外のマフラーをしている者にはヒラサワの可能性を適用できます。<n><n>何％であろうと、適用したもの勝ちです。<n><n>その間に私はリバーシブルのマフラーをピンク側にして退場します。<n><n>ついに来る作者退場の日。<n><n>またこんど！！
1497193932752515081,マフラーは使います。<n><n>いろいろなマフラーがあり、とりわけヒラサワが好みそうもない色のマフラーを多用しますが、ピンクではありません。
1497192491287670784,私は血行もそれなりに良く、あまりに寒い日は己の血管内に逃げ込んで暖を取ります。
1497191231377477633,また、真冬の就寝時にも、ユタムポ、電気モーフ、ポリネシアン・ファイヤー・ダンスショー等を必要としない基礎的な血行や体温が確保される人生を歩みつつあるのも、おかげ様です。
1497189909282492416,まことにおかげ様と申し上げるしかないほどに、屋内では厚着や防寒の必要のない程度の温度が維持できる人生が訪れています。<n><n>世界にも訪れますように。<n><n>まことに、おかげ様です。
1497188698886004742,私はつい最近まで防寒機能のある手袋の存在を知りませんでした。<n><n>常に手は凍えており、それが人生だと思っておりましたが、先日ホームセンターで暖かい手袋をゲットした未来派の男です。
1497187281429352451,「客が気づかなければいいじゃないか」というのじゃなく、己の誇りのために頑張る心根がありました。<n><n>今もありますけど。
1497186147818037248,ちなみにトロピカルなお友達からナイトマーケットなどで買う服は３回洗ったら終わりとサラリと教えられて驚いた記憶があるんです。<n><n>それが日常の国ならサラリと言えましょうが、日本には昔「信頼」というものが有りましたので、サラリとしていられないのです。
1497185063271735300,そして本日自転車通勤中にやけにお腹が寒いので見てみると前のファスナーが全員脱線しており首のあたりだけ嚙み合っておりそこから下は全開でありました。<n><n>もう、高くてもいいので１週間以上着れる服を売ってください。
1497183970269663236,防寒服は出勤や買い物などの行動時に着用するものなので、民に紛れるものを選びますが、まさかピンクのダウンジャケットは用いません。
1497182834536054784,到着した商品の梱包を見て「しまった！」と思った時にはもう遅い。<n><n>外国から送られてきたものでした。<n><n>ポケットが数か所についていたのでファスナーを開けてポケットの容量を確認しようとしたところ、そこにあるのはファスナーだけで、ポケットは存在しませんでした。
1497181764363587590,私は羽毛を使用したものは用いません。綿を断熱材に用いたものを着用します。<n><n>しかし、最近購入したものにはサギが使われています。
1497180576452911119,質疑のテーマが決まった。<n><n>ステルスの防寒着についてだ。<n><n>さあ、始めよう！
1497179571849940996,もうこんな時間だ。<n><n>今日はもっと他の良いことのために頭の回転をとっておきたいので回転不要の質疑応答にする。<n><n>ちょっと待つように。質疑のテーマを考える（あ、頭使ってる）
1496833067394109440,もうこんな時間だ。<n><n>今レルレから電話があって「普通に終わってください」と言われた。<n><n>とうわけで今日の凍てつくTwはこれでおしまい。また次の凍てつくTwでお会いしましょ。<n><n>またこんど！
1496832015051542531,あてずっぽうにレルレと申しましたが、実在する方のお名前でしたらご迷惑をおかけしましたことをお詫び申し上げます。
1496831124563128320,マジ訂正：レルレは絶景に出ていません。
1496830863815831553,フジロックだと？<n>うそつけ！<n><n>レルレが出た？じゃ「絶景」だろ。
1496829650407870466,ところで前回のライブって何？<n><n>何処？<n><n>誰？
1496828529249427461,そもそも何だ！その上から見下ろすような物言いは！<n>弦なら前もって前回のライブ前に換えておいたわ！どうだ早いだろ！
1496827358233313285,「新しい乗り物のことより新しい弦のこと考えてください」<n><n>「忙しいのでライブが終わったら考えます」
1496826284206276609,これならお金払ってもいいと思ったのでディーラーにいつ上陸かときいたらメドが立っていませんとあっさり言われた。
1496824731390992388,2CVとは言っていないぞ。<n><n>これ以上のリスクには乗らない。<n><n>（と、思うけど）
1496823424051679233,なんだ、まだMIRAIに乗ってるのかって？<n><n>ああ、乗ってるよ。他にどうしろというのだ。<n><n>フランスの方、日本上陸のメドがたっていない車種を私に送ってください。お金は払います。
1496822342994984965,感想はこっそりKENJUに伝えておく。<n><n>そして、絶対に開いていて、絶対に売り切れの出ない水素ステーションに寄って今に至る。
1496821208041484293,近隣の方々は勿論のこと、私のように遠方から来る人も多いはずである。<n><n>KENJUへの土産話として、ヴィーガン仕様のラーメンを食べた。<n><n>この店はボーダーレスだ。ヴィーガン仕様も雑食仕様も用意されている。
1496820800891940865,意義と寒風
1496820201568063492,寒風吹きすさぶ屋外で順番待ちにも異議を見いだせる。
1496819194800885768,広い店内は満席。<n><n>３組待ちとなった。
1496818188566204421,店内では、店員も客も、誰一人「奴隷タグ」で身体の一部を覆い隠してはいない。<n><n>希少な正気空間で束の世界毒のデトックスを。
1496817188354899970,高速を使って片道1時間半もかかる店でランチとは何を考えているのだこの忙しい時に。<n><n>揺ぎ無きポリシーを持つ人達の場所へは、そこまでしてでも行きたいものだ。<n><n>ゾンビタウンから人たる所以へ。
1496108769956167683,あ、騙されてる。もうこんな時間！<n><n>異文化をネタにしてはいけません。とめどなく思いついてしまいますから。<n><n>国際問題になる前に<n><n>またこんど！！！
1496108330921594889,金顔<n><n>キンカオ<n><n>と読む場合、タイ語で<n><n>「ごはんを食べる」<n><n>という意味となります。<n><n>それゆえタイの食卓には金色のお面が置いてあるのです。<n><n>（これがウソだとわからない人は以後私のTwに触れないでください）
1496106127267823618,自分、女の声出ねーすよ。<n><n>男すから自分。<n><n>私、俺、僕、拙、己、自分。<n><n>六原色の一人称で表される男。<n>七色仮面より一色少ない。
1496104867928018945,たかが息の音（あえていきのねと読みましょう）を録るがそれだけで性別が出てしまう。<n><n>ああ、メラニー法よ。私に女子のフォルマントをください。<n><n>いくら月締メても月締メてもフォルマントは雄のまま。<n><n>そんな己。
1496103718646796289,そんな拙は録り忘れた音声に気づき、自らの声で代役を務めんと<n><n>おブース<n><n>の中でマイクに向かった。
1496102666140729350,このようにステルス一人で私と俺と僕がいるという豊かさに打ち震えながら遠方より来る雪空を見て心に陽を上らせる術を知っていたい。<n><n>雪よ。
1496101526888083462,ろくでもないTwの中にさりげなく「ミント」という語句を仕込み<n><n>「俺のミントで発火しなさい」<n><n>と、さらにハッカをかけた語句を残し西の空に沈みゆく太陽で赤紫に染まる僕。
1496100413870731266,言葉数少ないMCの中に平沢進の人間性が垣間見え。。。<n><n>最低。<n><n>私の人間性なんて見んといて。
1496099256955912192,ステルスの志を見る会。<n><n>ただ突っ立ってるだけですが木戸銭いくらに設定しましょう？<n><n>ただ突っ立てるだけを記念する物販もあります。
1496098225232637952,これは比喩であって揶揄ではない。そのような成り立ちもある。<n><n>ステルスとしてはせっかく音楽で醸し出した風情を卑近な日常で破壊したくない。という志。<n><n>どうぞ志をご覧ください。<n>（屁理屈言って歌わない作戦？）
1496097071065042946,まるでMCの長いシンガーのようだ。<n><n>歌わなければ歌わないほど長くなるコンサート。
1496095926359715840,30分かかる料理というのはそう多く存在しないはず。<n><n>ところが太陽系亜キッチンではサラダを作るのに30分近くかかり、スムージーを作るのにも同様の時間がかかる。<n><n>料理しなくなればなるほど長居する台所。
1496094786742198272,料理をしなくなってから台所に居る時間が長くなった。
1496093686198784000,時間稼ぎのために投下する写真も無し。<n><n>本当にもうこんな時間なのか？<n><n>とかとぼけてみる。
1496092412913012741,ん。もうこんな時間
1495745356432228355,因果応報の采配を自然の摂理がふるうなら、やや黄ばむ程度で認識を得る人の子は愛されている。<n><n>生贄を求める神などインチキだ。<n>子供を返せ、こら。<n><n>またこんど！！
1495743489312579584,もしあなたが前世で悪いことをしていなければTシャツは普通に戻ってくる。悪いことをしていればやや黄ばんで戻ってくる。<n><n>その時人は初めて反省するのだ。
1495742337401561089,Tシャツの裾をギュっと引っ張って頭にかぶせる。こうすることで脱げてもまた戻ってくる。<n><n>これを因果応報式着用術という。
1495741311109910536,オマエタチはどうしてそうなのだ？そうであらんとしてそうなのか？<n><n>MANDRAKEのTシャツは宣伝のために２分着ただけだ。<n><n>２分以上肩に留まっていないのだ。
1495740171530108931,下着用途のTシャツ以外着なくなって100年以上経つ。<n><n>そもそも歩く矢印と言われるほどのなで肩である私はTシャツを着ていると自然に脱げてくる。
1495739067283116033,貴方の命の道に部位間闘争がありませんように。<n><n>と書いたTシャツを着なさい。
1495737921466355719,バナナとレモンのスムージーを欲している私の総体。<n><n>総体とは部位差別も部位間闘争もない全人的身体だ。ステルス細胞の連合とも言う。
1495736503917367297,「シャレな還付菌帯ですね」<n><n>「ええ、一石二鳥ですよ」<n>　　↑<n>人の話聞いてない。
1495735388865908737,抜かれた血税を再生産するためのヒマラヤンソルト・ブラック。<n><n>生まれた時から黒い血の俺。
1495734307679137794,双突転移税を取られた跡は還付筋で埋め合わせる体形維持術。
1495733077426929664,後方下部双突肉塊が蹴られすぎて前方転移する前に確定申告などアレしてくれたわ。
1495732031224901633,後方下部双突肉塊の主は明日中に決めなければならない。撮影日を。スタジオを押さえるために。インタラクティブ・ライブの。<n><n>三連倒置法。
1495731025028210706,そんなステルスは今ZCONに後方下部双突肉塊を蹴られている。
1495730024694960128,昨年の今頃はBEACONのMIXをしていたのだ。驚きなさいね。
1495383278257201156,ヒッピーやロックミュージックがいかにして生じたかについての研究がある。残念ながらそれは音楽の世界に生じた研究ではなく、私バーチャルリアリティーの考察の中で発見した。<n><n>なるほどと膝を打ち、あらゆる点と点がつながった。<n><n>それはまたいつか。<n>またこんど！！
1495381378938015749,ヒッピー文化をけん引した存在たちはアヤシイさに満ち満ちている。<n><n>こういうとラブアンドピースのミュージシャンに嫌われるか？<n><n>嫌ってくれ。
1495379654768660485,そういったからといって私がヒッピーを全面的に肯定していると思ってもらっては困る。<n><n>困らないけど。
1495377615493873667,ある非常に気持ち悪い歌謡番組で、最後に集合写真を撮るという設定のエンディングがあり、そこで一人のゲーノー人がVサインを出して「ピース」と言った。<n><n>それは毎週繰り返され、TVを気持ち悪いと思わない民は写真を撮る時それを真似た。以後それが連綿と続いている。
1495376497602818049,カウンターカルチャーでもあるヒッピー文化は次第に主流文化に影響を与え始めた。<n><n>人々はヒッピーのファッションを真似、うわべだけをまねた芸能人たちが「先端を行く人」のように扱われ始めた。歌謡歌手までもが長髪になり、ついにVサインを出して「ピース」などというようになった。
1495375334119645185,60年代にVサインはヒッピーによって平和のシンボルとなった。ベトナム戦争の真っただ中、ヒッピーは反戦の連帯感を高めるように互いにVサインを送り、コンサートなどでVサインを掲げた。Vサインはピースサインと呼ばれるようになり、カウンターカルチャーを象徴する行為でもあった。
1495374187229167616,それがどうした？<n>どうもしない。<n><n>ところで、民が写真を撮る時、Vサインを出す骨髄反射的風習はどうやって生まれたかご存じか？
1495373162946514947,桜が咲き誇る観光地で、年のころなら30凸凹のちょいと教養ありそうな女子の二人連れに<n><n>「すいません、写真とって頂けますか？」<n><n>「いいですよ」と言ってカメラを構えると二人は口をそろえて「チーズ」と言い、Vサインを出した。
1495371656507756545,一方、教えられたものなら何でも存在する。<n><n>ところが、小２の時から、私の目は空（カラ）ばかりを捉える。<n>一方、巨大な質量を伴った欠損に魅了されている。
1495370649816109056,教えられないものは存在しない。<n><n>貴方の認識は外部化されている。<n><n>貴方が何を認識するかは、とっくの昔に決められている。
1495369643191504901,世界は欠損しており、<n><n>欠損を忌避するよう教育された民であふれている。<n><n>世界をある意味「ゴミ」と呼ぶことに同意できるなら、「欠損」に脱出のカギがあると空想してみよう。<n><n>ところが、民はもう欠損が見えなくなっている。<n><n>人類の大きな損失「欠損」。
1495368636843896833,5回読みましたね？<n><n>そして諦めましたね？
1495367637072764932,人が人の顔を見る時、その顔がゆだねている時の流動で移り行くものの平均値を見ているのか？<n><n>どうやっても見た通りに写真に写ってくれない人は、平均値に含まれない流動の「欠損」ばかりをレンズが捉えているのか？<n><n>トロピカルのお友達にそのタイプが多かった。<n><n>KLは欠損の中に広がる楽園。
1495020349468987393,「ヨタ話」という字面を見てMIRAIを思い出す病的水素飢餓。<n><n>「ヨタ」？<n><n>夢に見る給水素ホースを持ったおじさんはどこですか？<n><n>この人ですか？「ト」<n><n>またこんど！！
1495018134201266176,私のヨタ話に真面目に対応しないように。これは比喩。
1495017737759907854,私は小２の時らこっち、ずっと逆の立場。<n><n>小２には厳しい逆風の地球。<n>夢に見た我が家は天と地が逆さま
1495016647735721985,もしも水素ステーションの洗車機にガソリン車が入ってきてバイトさんが当店で水素入れることはありますか？といったらきっと角が立つ。
1495015308297269253,７つ戻る双六TW。<n><n>ガソリンスタンドは地球の縮図である。<n><n>本当のことを端的に言うと変人扱いされる。
1495014301748191234,走っても酔う、止まっても酔う。いったい何時私は酔わないのか。
1495013295249453058,台湾のUFOキャッチャーは日本人を優遇するという噂を聞いたことがある（個体差あり）。<n><n>ところで洗車機は車が停止しているのに走っている錯覚に陥る。<n><n>私はそれで酔う。
1495012288394248194,立ち往生の運転手はただ空間が洗われるのを見た後もう一度お金を入れた。<n><n>UFOキャッチャーでモルカーを取れなかったJKがもう一度機械にお金を入れるのに似ている。<n><n>（似ていない）
1495011281870503940,初めて洗車機を使うのだろうか？<n><n>車を前進させないもんだから、洗車ブラシが空間を洗っている。<n><n>洗って洗って洗われた空間。
1495010275434676230,MIRAIは電気自動車である。<n><n>水素と酸素を反応させて電気を発生させ、その電気で走る。<n><n>心に日の出を見ながら洗車機の前で立ち往生している車を目撃。
1495009268650627077,とは言え洗車場は寒く、しばし社内へ避難。<n><n>ヒーターなど使わず、心に日の出を待つのだ。<n><n>電気自動車のオーナーなら知っている。ヒーターなんかつければあっという間に走行距離が縮まる。
1495008261908664322,「いつもはどちらで給油されるんですか？」<n><n>「給油したことないです」<n><n>「さようでございますか。失礼いたしました」<n><n>コイツに関わるな。逆らわずに退散せよ。<n><n>と、店員の心の声は言ったのだと思う。
1495007255447543810,ガソリンスタンド敷地内の洗車機だったので店員が何かの勧誘にやって来た。<n><n>「お客様、当店でガソリンを入れることはありますか？」<n><n>「無いです」
1495006249192206338,洗車機よ、コーティング層を削り自己修復塗装に達する研磨を！<n><n>傷が深ければ自己修復される。<n>でもコーティング層は傷だらけ。<n><n>傷の深さで決まるステルス品質。
1495005251639914497,とは言えMIRAIが泥だらけで気の毒に思ったステルスは洗車場へ。<n><n>（自己修復塗装が施されているので洗車機へ。とは言えコーティングされてしまって無意味）
1494658492258562049,無臭を消す化学はまだ始まっていない。<n><n>臭くないものに蓋ができないからだ。<n><n>ゆえに、無臭は存在しないとされている。<n><n>だから、またこんど！！<n><n>（低劣な力技）
1494657454465957889,私のような強い無臭を放つ者は同族への合図として残り香を残すことがある。<n><n>貴方が道を歩いていて強い無臭を感じたならそれは私である。<n><n>KLの田園都市一帯にはトロピカルな無臭がある。
1494655611761414148,首を絞めあえるくらい近くにいるなら手紙は要らないと思うだろうが、ファミレスでカップルが下を向いてそれぞれのスマートフォンを見ている時代の先駆けである。<n><n>（違う）（カップルは首を絞めあわない）（そこではなく）（無臭の話に戻りたい）
1494654476388499456,亀有のアジトで撮影されたもので、I am only your modelのパロディーとなっている。<n><n>白黒ヤギからの手紙を菊池達也がスキップしながら配達する。<n><n>白は黒の手紙を食べてしまい、黒は白の手紙を食べてしまったことで争いになり首の締め合いになるという動画。
1494651619149217795,そういえば菊池達也の郵便配達員がキュートな白黒ヤギさんのムービーというものが存在したな。
1494650583684239364,ヤギの目を横断するあの線は何を意味するのか。<n><n>この目は半分ですよ、という意味なのか。それなら6つも目を持っているハエトリグモに分けてもらうと良い。
1494649409765666818,ヤギの目のようなオートミールは現在も常備されている。<n><n>そのままの形状のもの。粉末にしたもの。<n><n>つくばという街は生きヤギの目を粉末にする。
1494648178066350081,日本で臭いメシというのは麦飯のことらしい。<n><n>私は麦飯を臭いともマズイとも思ったことがない。タイ米も良い匂いだ。<n><n>25歳周辺。P-MODEL初期のころはお金が無くなる前、麦飯が私の常食だった。<n><n>あ！麦のようなヤギの目。
1494646953228918786,かつて日本でコメ不足という事態が生じたとされ、タイ米が輸入された。<n><n>日本人の中にはタイ米が臭いと感じる嗅覚を持った人が多くいた。<n><n>タイでは悪いことをすると牢屋に入れられ「臭くないメシ」を食わされる。<n><n>海を越える悪臭相対論。
1494645923439280128,己の悪臭の中で暮らすヤギがそっぽを向いたままなのは、私に体臭が無いため「クサい」と思っているからに違いない。<n><n>悪臭相対論を発見した日。
1494644867665956866,ヤギは答えず、ただ悪臭を放つのであった。
1494643861234204676,少し前、順調にフォロワー数が減少しているのを確認し、ほっとした日々を過ごしていた。<n><n>それがどうだ。今日見たらまた増えている。<n><n>その理由をヤギに問う。
1494295703681527808,そこで私は一週間ハエトリグモの瞬間移動を観察し、移動点と移動点を繋いでみた。するとこんな文字が現れた。<n><n>バカモヤスミヤスミイエ<n><n>休む！<n><n>またこんど！
1494294625732874240,それゆえ、生命とは流動であるのだ（早く止めろ）。<n><n>我々、失礼、私が知りえない実体はその「途中」を使ってなにかメッセージを送っているとしたら、きっとそれは、それこそはハエトリグモの移動軌跡に現れているにちがいない！（違うと思うけど）
1494293311112105996,万物「途中」仮設。<n><n>我々が認識している世界のあらゆるものは、まったく別のものの「途中」であるという仮説。
1494292168382435329,真っ白の上にほぼ点が機敏に瞬間移動しているのをジっと見ているとこう思えてくる。<n><n>ハエトリグモというのは何か別の生き物の動いている「途中」なのではないかと。<n><n>あれは実態ではなく「途中」なのだと。<n><n>実体は機敏すぎて見えないため「途中」を実体と認識してしまう。<n><n>ソレガハエトリグモだと。
1494291041461018626,タービンクロックのうるさいカチカチいう時を刻む音を危機ながら白いタイルの上を瞬間移動するハエトリグモのパールを見ているとあいつは動いているのか止まっているのか分からなくなる。
1494289918742257666,まだ４０分も経っていない！！<n><n>思い出したぞ！ハエトリグモを出した理由を！
1494288774301302786,お父さんは回路OFFだったから<n><n>そして退社途中でONにできたのだ。あまりにも簡単で、あまりにも難しい。<n><n>（ほーらヒラサワ始まったよ）
1494287584905728000,お父さんは優れているから帰って来ないのではなく、<n><n>むしろ欠陥品だから事実を拒否する論法を組み立てる回路が無いだけかもしれない。
1494286506134949893,驚くことに、これは理解力があるとかないとか、考察力があるとかないとか、分析能力が優れているとかいないとか、知識があるとかないとか、学識があるとかないとか、教養があるとかないとかとははまったく関係ない。<n><n>二次元の住人が高さを見れないのと似ているのかもしれない。
1494285500139585538,今はそう思っている人たちが束の間の優越感に浸れるほんの束の間だ。<n><n>お父さんは超人になったかもしれない。
1494284493129191426,好都合なことに、認知的不協和と正常性バイアスとストローマン論法が想像を絶する飛躍を見えなくしているので、お母さんは「あのヤドロクはきっとどこかのスナックあたりにひっかかってんだろう」くらいに思っている。
1494283486315778049,あの時世界はハエトリグモのような飛躍を起こし、何百年ものブランクを一瞬で取り戻す分岐が生じたんだ。その振れ幅があまりに大きいため、想像を絶する振れ幅だったため、人はそれ見たがらないんだ。
1494282479892582407,それでも帰って来ないなら、こう考えよう。<n><n>世界は今そうなっている。<n><n>私は今、そうなっている世界の境目に来てTWしているからこそわかるんだ。<n><n>一言補足すると、<n><n>もうそうなったんだ。世界は。
1494281473611993091,もしも退社したお父さんが帰って来なかったら、お父さんは会社と家の間の半分を移動し、そのまた半分を移動し、そうして永久に半分を移動し続けているので帰って来ないんだとお母さんに教えてあげよう。
1494280472838348802,ハエトリグモのスローモーションを見ると、奴さんは量子飛躍のように空間を移動しているのではないことが分かった。<n><n>貴方のお父様が出社する時のように、ちゃんと途中経過がある。<n>（退社時のお父さんは途中で引っかかることもある）
1493570790847094787,キャビンアテンダントが「コーヒー、緑茶、紅茶はいかがですか」とステルスに言い「緑茶お願いします」と答えた後、湯飲み茶わんに何も入れずにもってきたら賞賛に値する。<n><n>エバー・グリーンはもう消えた？<n><n>またこんど！！
1493569783677087745,グリーンベレーと呼ばれるアメリカの特殊部隊はその特殊作戦において姿を見せまいとする意志として消えるグリーンを冠するのであるが、残念ながら消えるのはベレー帽の部分だけである。
1493568777023148034,信号機の緑が「青」と呼ばれるのは大人が茶色い犬を「赤犬」と呼ぶことに近似である。<n><n>また、あえて青と呼ぶことで消えてしまうのを防いでいる。<n><n>赤と黄色の信号しかない世界を創造してみよう！
1493567770348249091,PHYTOELECTRONという称号を持つ緑の楽器は<n><n>１：EVO PHYTOELECTRON<n>２：EVO  PHYTOELECTRON-SEED<n>３：MOSRITE PHYTOELECTRON<n>４：STRATOCASTER PHYTOELECTRON（未公開）<n><n>があり、皆緑色である。
1493566763728084997,TIMELINEの終わりMV撮影時にグリーンであるギターのネックが消えてしまうと懸念されたが、そのようなシーンは使われなかった。
1493565756990111746,ところが、めったな飢餓で人は死ぬことはなく、むしろ健康になることを知って今に至る。
1493564750306938885,一時ヘアーカラーグリーンであった反ギタリストは京都サーカスサーカスの天井桟敷に頭をぶつけるジャンプを繰り返していたが、餓死を前提に生きていた。
1493563743954944002,緑の神経網と呼ばれる団体の背後にいる黒幕はステルスと呼ばれる見えない男だ。<n><n>緑なのに黒なのだ。
1493562737170870274,み▽どり十■字の話題に及ばないよう注意したい。人が消える。
1493561730491838468,ピーター・グリーンというギタリストは一時ホームレスとなり不可視となったが復活し、そしてまた隣接次元へと漏れて不可視となった。
1493560723770789894,日本の歌手に五月みどり先生がおり、まだ可視状態でご活躍です。
1493559717347479552,とはいえ、鎮西さんの家では今でも可視的ミドリガメが健在だ。<n><n>相変わらずの想像妊娠で鎮西さんは濡れ衣を着せられている。
1493558710555185153,そういえば昔、通学路のどこかに「みどりのおばさん」が立っていた。<n><n>クロマキー技術の進歩とともに「みどりのおばさん」も見えなくなった。
1493557704039677952,WORLD CELL 2015で使用したクロマキースタジオは閉店していた。<n><n>全面グリーンのスタジオなので、閉店せずとも無かったことにするのは簡単だった。（やや専門的てやや分かりにくい物言い）
1493556697700384771,ずっと蛍光っぽいグリーンを見ていたので世界が赤い。<n>（盛ってるけど）
1493555691331670020,本日はインタラクティブ・ライブで使われる映像のため、某撮影スタジオに1日居たに等しい。
1493208664286523392,今日から貴方はヒラサワを聴くのにMP3もCDも要らない。<n><n>手近な壁をコンコンと叩いて感じた塩梅がヒラサワだ。<n><n>どこの壁にもいるからな。<n><n>またこんど！！
1493207440912912386,壁の中に塩梅が有ろうと無かろうと関係ない。
1493206388138340353,それなら話は簡単。<n><n>ヒラサワ？何それ？<n><n>と問われたら<n><n>壁の中の塩梅です<n><n>と答えれば<n><n>ああ、あれね<n><n>とわかってもらえる<n><n>今なら世間は物分かりが良い。何言われても、ああ、あれねと言うことを聞いてくれる。
1493204740200562688,壁の内部に良い塩梅を齎すのが人柱だとすればスナックやミニクラブというのは事件現場ではないでしょうか？<n><n>ならば私のことも事件と定義してください。
1493203555041177603,平沢三好は大工なので、スナックやミニクラブに行くと必ず壁をコンコンと叩く。<n><n>何やってんの？<n><n>ときくと<n><n>塩梅を見ている<n><n>と答える。<n><n>スナックやミニクラブは壁に塩梅のあるところですか？
1493202394737381381,とても昔に、三好あんちゃんに「スナックって何？」ときいたら<n>「俺はミニクラブ専門だから」という回答だった。<n><n>ミニクラブってなんですか？
1493201217832374279,「大スクリーンのあるミニシアター」は何度勉強してもわからない業種空間に併設されているらしい。<n><n>何度勉強しても分からない業種、「スナック」ってなんですか？
1493199950120833024,本日、ル・ショコラの男を尋ねに行く途中に人心を惑わす素晴らしい看板を見た。<n><n>「大スクリーンのあるミニシアター」<n><n>大きいの？小さいの？
1493198827808907266,同じ車両でも東京都ははみ出さない。新松戸にはロックンロールの集落があり、柏にはビジュアル系の集落がある。<n><n>つくばでさっぱりする前にやられてしまう。<n><n>文化は常に川向こう。
1493197645149466624,もう地下鉄千代田線沿線でしかライブやりません！<n><n>町屋とか。西日暮里とか。綾瀬とか。
1493196621353414661,私はこの悩みとおさらばするためにここにやってきました。それなのにどうでしょう。また半端なものを並べて。ル・ショコラで丸め込もうったってそうはいきません。もう私は明日から地下鉄千代田線の運転手になります。<n><n>「申し訳ありません」
1493195356846256128,数分後の未来にステルスにル・ショコラを差し出す男は<n><n>「ほほー、どうですか？」<n><n>ときいたので<n><n>「もう無理です」<n><n>と即答しなければならない人柱生活。
1493194309826404355,そう、乳製品やバターやマーガリンを使用していないル・ショコラはそこらのスーパーでも買えるのだ。<n><n>そこらのショコラ
1493193304082575361,私からというのも何ですが、と、男はステルスにル・ショコラを渡した。<n><n>私はカカオの含有量がほとんどを占めているル・ショコラを食べなれているため、標準的ル・ショコラは砂糖をかじっているようだ。<n>それに乳製品は食べない。<n><n>そんなル・ショコラの一日が終わる。
1492846603463393282,宮古の幹線道路を時速25キロで飛ばすのも慣れてきたところ。これからが「馴染み」の領域かと生意気言っていたらこんな時間。<n><n>ちょっと暴走したので２分もはみ出た。<n><n>またこんど！！
1492845290277068805,今、沖縄で買ったハーブティーを飲んでいて思い出したんだが、<n><n>「貴方のような類の人は宮古島より石垣島のほうが向いている」<n><n>と言われたが、その意味がわかりませーん、現地の人！<n><n>私のような類はそうなんですかー？
1492844510287523842,さて、残りの時間の過ごし方はいかに。<n><n>7分あれば音楽が聴ける<n><n>７分あれば完全呼吸が７回できる
1492842981404987392,KENJU麺の話で48分を消費する男。
1492841861886611459,麺次元といえばバンギャですが、怪しげな麺つながりで問題起こすより、ぜひ貴方の腸に天の川を！<n><n>バンギャ行倒れの無縁仏を踏んで川を渡ろう！
1492840606015504387,ぜひ今年中に麺次元のおりひめとひこぼしを貴方の消化管の天の川で逢引させてあげましょう！
1492839454569947140,季節の事情もあり、今月末で終了予定だそうだ。<n><n>今年がだめなら来年がある。<n>まるで七夕的ラーメン。
1492838160476237825,もし毎週KENJUに行くなら、３週めには押さえておくべきモデルである。
1492837098478452739,そして味。<n><n>確かにKENJU麺の他のモデルとは違って強く主張するパンチには欠ける。とは言え坊さんの食べ物のように淡泊ではなく（完全な偏見。坊さんとて焼肉、ステーキを躊躇せず食う時代）、美味しい薬膳と言ってもまだ御幣があり、つまり、普通に美味しい。、
1492835851604086790,ゆえに、ケールとパクチーのKENJU麺は、この時期にしか食べられない栄養豊富、そしてデトックスにもなるスーパー麺なのだ。
1492834732010192900,乾燥パクチーは、そして甘い。<n><n>さて、続いてはスーパーフードと名高いケールだ。<n><n>ケールはこの季節に採れるものに独特の甘さがあるという。その甘さのある期間は一年を通して限られており、今がその時。
1492833665759408129,まず最初に私を含む多くの民の懸念材料パクチーだ。<n><n>KENJUの麺作品に使われているのはパクチーの茎を乾燥させたもので、あのカメムシのような紳士のポマード臭は無い。<n><n>パクチー忌避者のステルスでも食べられる。<n><n>俗に中国パセリと呼ばれることもあるらしく、パクチーとは気づかない。
1492832412652298242,KENJUの作品<n><n>ケールと乾燥パクチーのクリーミー。<n><n>これは奥が深いのだ。<n><n>聞け。
1492484362411003917,9:40の入射角は<n>シトロエンBXの黄金の110km/hだ。<n>あらゆるものがバランスして収まるところに収まり、ビシっとなって微動だにしない。<n><n>まるでステルスTWの22:00だ。<n>ビシっと終わってはみ出ない。<n><n>こんなふうに、<n><n>またこんど！！<n><n>2分はみ出た。
1492483384131555331,植物に当たる太陽光の入射角によって季節の表情が変わる。<n><n>9:40の入射角が素晴らしい。ステルスの表情も変わる。<n><n>太陽光と植物の陰影で「ああ、もう冬も終わってゆくぞ」などと感じる。
1492482185277833217,メールチェック、買い物などに時間を費やす。<n><n>この間、お天道様はますます昇り、9:40頃に朝のすばらしさはマシマシになる。
1492481142070517762,ここから先、10時までの時間配分が難しい。<n><n>デイケアサービスが母親を迎えに来る時間がバラバラだからだ。<n><n>中断されては困る仕事はできない。かといって半端な時間だ。
1492479899247861764,ティーカップにシークワーサーの絞り汁を少々、レモンスライスを１枚、熱い湯を注いでまたもや飲む。<n><n>最後にレモンスライスを皮ごと食べる。<n><n>以上で朝食は終わり。
1492478814282153988,嗽手水に身を清め、体重を測定し、着替えたら1.5Lのボトルに飽和食塩水を大サジ２杯入れ、水を注ぎ最後にややお湯を注いで攪拌したる後に一気に500ml飲む。<n><n>この時、視線の先には3メートルを超えるヤシの木がある。その向こうにはソテツの葉が見える。<n><n>何処の国だ？<n><n>で500ml。
1492477191904366592,つまり小物置きは仕事していない。あれは欠陥商品だ。<n><n>南の窓からお天道様の存在を確認し、ガラスの廊下を戻っててすりの無い階段を下りる。<n><n>両手はふさがっているので手すりがあっても使わない。
1492476002185867265,頑張ってそうしているのではなく、自然とそうなる。<n><n>そしてサイドテーブル的なものの上に立てかけてある小物置きから寝てる間に落ちた眼鏡と携帯と時計を持ってガラスの廊下を南へ向かう。
1492474887138848770,私は朝、寝床でぐずぐずしたりせず、シャキっと起床できる。<n><n>そして良い朝だと感じ、一つ二つ仕事を済ませてから更に良い朝だと感じる。
1492473489705422848,さあ、ここから始まるステルスTW！
1492472300590882819,ステルスはEVOかTALBOでゆるぎない。<n><n>まれにビザールななにがしか。<n><n>当然別の道具を使っても良いけどイメージは外さないでほしい。
1492471167227031554,アーティストと使用楽器の関係の重要さを学んだ。<n><n>スティーブ・ヒレッジは現在でも塗装の全落ちしたストラトキャスターを持っていてほしい。スタインバーガーを持っているとがっかりする。<n><n>ジローディーが最近のすごいスペックの普及版機材を使っているとがっかりする。
1492468527399247875,2014年にスティーブ・ヒレッジとミケット・ジローディが<n>ライブをやっていることを知り良い日となった。<n><n>実は朝から<n>良い日だけど。<n><n>ここまでくると同年代でも知っている人は少ない。<n><n>ゆえに誰もが「へーそーなんだ」と目を合わせずに応えるのが反応の限界かと思う。<n><n>ご唱和願います。
1492121627282206721,わ、騙されてる！こんな時間！<n><n>普通にまたこんど！
1492121017015095298,ナレーション用マイクは<n><n>SHURE SM7B<n><n>スピーカーはイクリプス<n><n>ヘッドホンハオーディオテクニカのあれ。
1492119970200764417,GARMINのライフロガーはベルトを付ける部分が欠けてしまい本体は無事なのに使えない状態。<n>高価な本体なのにベルトが壊れて使えないとは。
1492118766339047424,ストリングス音源<n><n>メインは <n>Hollywood Strings
1492117607951978501,MIDIキーボード<n>KOMPLETE KONTROL S61
1492116476278423555,WF-1000XM3
1492115472556322816,外出時のイヤホンはソニーのブルトゥースのあれである。あれ。
1492114330904526848,周辺機器に限りお答えします。
1492114012112252931,写真に写っているトルソーは何の機械か？<n><n>失礼な。あれは母親なのだ。
1492112560891457542,現在使用しているオーディオインターフェイスはRubix 44で、押すと本体が向こうに逃げるボタン付き。（電源スイッチ背面に付けないでねー！）<n><n>（話題沸騰中）
1492111469877415937,毎週金曜日は好評の「周辺機器」についてのQ&amp;Aです。<n><n>周辺機器についての質問をどうぞ。<n><n>何の周辺かは問いません。
1492110290049138692,４つ戻る双六Tw。<n><n>すり切りたくてもすり切れないコップ酒の表面張力の部分までが品質である。<n><n>酒を知りすぎた者の言動。誰。
1492109159084527618,そのような境遇にある押しボタンは押せないのである。<n><n>押してもわずかに引っ込むばかりで使命を達成する深部にまで到達せず、操作者を置き去りにして本体ごと向こうへ行ってしまうのである。
1492108152585658370,本体が非常に軽量であり、机上に置く仕様であるにも関わらず前面に押しボタンがある機械を設計した者が私の胸中に黒雲を生じさせるのである。
1492107146485501954,しかし、白い物を黒と言って修羅場をくぐって来た回転する人生のろくろ回しとしては過去に矛盾の無いインタラクティブ・ライブなど無いと豪語する。<n><n>豪語の数で決まるステルスクオリティー。
1492106141777674248,未だに小さな矛盾が引き出しの隅から出てくる。<n><n>修正するためのマーカーペンを取るために二段目の引き出しを開けるのが怖い。<n><n>かといって三段目に矛盾が無いとは言い切れない。<n><n>言い切れなさの数で決まるヒラサワ品質。
1491758972981760006,あろうことか、オマエタチは消化管の最終地点に表情筋なる蠢く筋を発達させたことを恥じもせず、はい、チーズとか言って蠢いてみせる生き物なのである。<n><n>今知っても手遅れだが。<n>それは、またこんど！に値する。
1491757947268972545,オマエタチがペットや乳飲み子に頬ずりするのを見るにつけ、私の胸中に生じる黒雲から大粒の雨は降るのである。<n><n>そしてついに双眸よりの落雷となってこの世に悲しみの爪痕を残すのである。
1491756776844238851,そもそも「考えコブ」を有する生物が人間なのであって、オマエタチは人間を擬態するコウガイビルに近い生き物なのだ。お前たちが顔と呼んでいる部位は消化管の最終地点である。<n><n>今知っても手遅れだが。
1491755605333135370,これがシロオビトリノフンダマシに見えるような認識力の脆弱さの原因は、オマエタチには「考えコブ」が無いことに起因する。<n><n>これは微生物である。
1491753462706540548,では、貴方の本人は何処かというと、腸内の広大なフローラの中で夢心地で鼻歌を歌っているたった一つの微生物だ。
1491752302377508867,あの他人はまんまと本人になりすまし親戚縁者に集められながらしめしめと思っているのである。<n><n>貴方の家に先祖代々伝わるあの墓に入っているのは全部他人なのだ。<n><n>（時間稼ぎは続く）<n><n>今わかっても手遅れだが。
1491751263217745921,そもそも人は己のどの部位をして自分と定義しているのだろうか。脳か、心臓か？そのように消去法で考察してゆくと、骨格は他人であることがわかる。<n><n>今わかっても手遅れなのだが、アレは他人である。
1491750149906853889,実際、表情筋というものも実は人の顔に寄生する生き物なのである。<n><n>表情筋は一生人の顔に住み続け糞をしている。その糞を顔の細胞が分解して唾液になっているのである。<n><n>きわめて有難い寄生虫なのである。
1491748930832326659,人は私の顔には表情筋がない、表情筋がないと口々に言っているが、無くてあたりまえなのである。考えコブなのだから。
1491747778078261254,そしてオマエタチが私の顔だと信じて疑わない部位は私のものではなく、鳥脳の考えを溜めておく「考えコブ」と呼ばれる器官である。実際、考えコブから下がヒラサワなのである。<n><n>実際、そうなのだ。
1491746771265110018,実は鳥脳が宿主であり、私が鳥脳に寄生しているのである。<n><n>鳥の足のように見えている器官は鳥脳のものではなく私の器官であり「外食道」と呼ばれ、胃から養分を逆流させて鳥脳に運ぶチューブなのである。
1491745764636344322,（それは丁度目的地に行くために消費される水素より、水素を入れに行くときに消費される水素のほうが多いことに似ている）
1491744758384848902,鳥脳（ちょうのう）という器官が頭蓋骨の外に突き出ており、通常は髪の毛で隠れている。<n><n>天気の良い日はこのようにして陽に当てると良いのだ。<n><n>（時間稼ぎのために費やされる時間のほうが稼がれる時間より長いのがステルス時間稼ぎの特徴）
1491386798064300034,鉄曜日は15分しかないため、多くの人が見逃している。<n><n>既に水曜日であるため、私は鍼に行く。<n><n>じゃ！
1491385930674241536,月火鉄水木金風土日<n><n>これが私の一週間だ。<n><n>風曜日はおしゃべりばかりしている者の顔を打ち砕きに行く日だ。
1491384698374819843,もしも私が入浴中に自転車こぎをしなければこの現実は無い。<n><n>鉄曜日とはことほどさようにそうなのだ。
1491383581289050113,今日が何曜日かを自分で決められないようじゃまだまだだ。<n><n>今日は鉄曜日だ。<n><n>鉄曜日は糸巻きをしない代わりに入浴中の自転車こぎをして現実を開闢する。
1491382370460594177,ところで私はヤンヒー病院の駐車場にいるフリフリの付いた帽子をかぶっているおとぎの国のおじさんのいうことを聞かずに駐車したため拉致された後帰って来れたのだろうか？
1491381366256283652,ところで私は羽田空港P3予約駐車場にたどり着けたんだろうか？<n><n>帰ってきたのだからたどり着けたに違いない。<n><n>（時間稼ぎのTwその１）
1491034194247499778,ところで未来の考古学者はステルスのTWを何と解釈するだろう。<n><n>1時間かかるお別れの挨拶。<n><n>またこんど！！
1491033111315959808,粘土板などにはグレー<n>や緑の時代もあったと記されているが、権威筋には否定されている。<n><n>では緑やグレーの鍵盤は何なのですか？と権威筋に尋ねたところ<n><n>「お墓です」<n><n>という回答が得られた。<n>なんでもお墓にする権威筋。
1491031979826966529,黒から白に代わる途中で黄色が有ったがアジア人が迷うので白になった。<n><n>その後白人が難儀したために現在の白と黒の混合になった。<n><n>かなりウソだけど。
1491030940851703809,ナノ・キーの鍵盤は黒い。<n><n>そもそもハープシコード等昔の鍵盤は黒い。<n><n>しかし黒人が弾くと何処弾いているのか分からなくなるために鍵盤を白くした。<n><n>ウソだけど。
1491029513102258176,ナノ・キーと言ってもキーボードがナノサイズなわけではなく、いわば「電気ブラン」と同様に時代を反映する語句を頭に付けているわけだ。<n><n>「トランジスタ・グラマー（小柄でプロポーションにメリハリのある女性）」などというめちゃくちゃなのもある。
1491027071102947332,日本の技術はまだそこまで達しておらず、せいぜい試着室から出てくる時に鞄がちょっと膨らんでいる程度だ。<n><n>子供が入ると出てこない国もあると聞く。
1491025990620880901,そもそもマレーシアでは試着室に入る時と出てくる時に年齢が違っているということは日常茶飯事だ。<n><n>時には人が変わったり、性別が変わったり、国籍が変わったりするのは、どういう着こなしなのか。
1491024939305955331,朝家を出て職場に着くころには小学生になっている。それでは困るので途中で着替える。
1491023774010908681,マレーシア人は我々の知らないことを知っている。<n><n>服を汚さないためなどと尤もらしいことを言ってごまかしている。<n><n>本当は服を後ろ前に着て暴走すると超高速に達した時、過去に向かって走ることができるのだ。<n><n>マレーシアン暴走族基準でいうと大体時速55Kmくらい。
1491022459042025476,KLの民はバイクに乗る時、上着を後ろ前に着る。服を汚さないためだと聞いた。<n><n>KLでは前面だけを服というのか？<n>背面は何と呼ぶのか？
1491021233747496961,明日の朝はKL中の電話が鳴り響く！<n><n>布団の中で「あれ？なんだっけ？」<n><n>とKLの民が寝ぼけている間にステルスは３つ仕事を終わらせている。<n><n>イプシロン　イン　マレーシアン　暴走族だ！意味不明だ！
1491020114635878403,狂ったスケジュールを組み直し、あすから労働のマレーシアン暴走族だ。<n><n>KLの田園都市をスーパーカブでぶっちぎるぞ、こら。
1490672039052468227,「節子や」<n><n>「なあに、おばあちゃん」<n><n>「あの男が現れたんだね？心を決めなさい。まもなく大きな大きなアイデンティティークライシスがやってくるよ」<n><n>「わかった、おばあちゃん！みんな！またこんど！」
1490670671839457288,「お嬢ちゃん、あの凱旋門に向かって投げるんだ。あの客観の調査団と称する嘘つきどもをめがけて」<n><n>「うん！ステルス！」
1490668371242721286,「おばあちゃんて？！」<n><n>「この島でただ一人、アヤクチョのスピンドルを回しているよ」<n><n>「じゃ、もしかしてお嬢ちゃん、トンネル分銅をもっているね？」<n><n>「うん！」
1490666971074990083,JKはブロック塀に向かってシークワーサーをかじりながら言った。<n><n>「あ！ステルスだ！おばあちゃんが言ってたよ、大きなアイデンティティークライシスがやってくる前にハルディンホテルはどこ？って尋ねる男が現れるって！」
1490665756861743110,「そうである」とされているものは忠実にカバーされ、実感も実態も無視される善意の世界はその店の中だけではない。どこに行ってもそうだ。<n><n>「お嬢ちゃん、ハルディン・ホテルはどっち？」<n><n>と道端のJKにきいてみた。<n>（ウソだけど）
1490664640853991427,雪解けの裾でヤギは空を仰ぐ<n><n>南方の町に凍えて見た夢。
1490663634271453195,出てきた料理を丁寧に説明してくれる店主。<n><n>おそらくは「生命にとって有益」な考察がお皿一杯に渦巻いているのだと思う。<n><n>一歩皿の外に出れば<n><n>「生命にとって何が不愉快か」<n><n>の一つの結論が渦まいている。
1490662627562852355,この環境の中で<n><n>「生命にとって何が有益か」という探求から生まれたカレーを食べることとは。<n><n>ヒラサワが二本足で立ち上がることの意味。<n><n>しかし立ち上がらず、耐えた。
1490661621210894343,非常に座りにくい椅子。<n><n>ランタンの椅子。座面が傾いていてももの裏側が痛い。<n><n>グラグラ揺れるテーブル。<n><n>よくある低劣なヒーリング・ミュージック。しかもうるさい。<n><n>（ジャンルやいかがわしい専門家より、体感を信じてお願い！）
1490660614401716230,店に入るとアレ？と思う。<n><n>思うはずだ。前の店の看板はそのままで、違う職種の店になっている。<n><n>外は寒い。店はどこ？
1490659607714287622,冷たい風が吹く道を「アーユルベーダのカレー屋さん」に向かった。<n><n>見つからない。<n><n>電話する。<n><n>見つからない理由が分かった。<n><n>前の店の看板を変えずに営業している。<n><n>このパターンに三件遭遇した。
1490658600942858241,離れる<n><n>ヤギ立たない<n><n>結局有意なパターンは見つからなかった。<n><n>ヒラサワ、ヤギに一杯食わされた。
1490657594805047307,近寄る<n><n>ヤギ寄ってくる<n><n>草を差し出す<n><n>ヤギ食べる<n><n>離れる<n><n>ヤギ立つ<n><n>近寄る<n><n>ヤギ寄ってくる
1490656593909747712,ヤギが後ろ足だけで立ち上がる意味を読み取ろうとした。<n><n>喜んでいるのか<n><n>怒っているのか<n><n>すねているのか
1490128332146769920,本日移動日のため休業とする。
1489914297878999044,諸事情により本日は無しとする。
1489584949577805825,あ、こんな時間。<n><n>明日はもっと早い動作で仕事する。<n><n>地球が酔うほどの。<n><n>またこんど！！
1489584070715912195,アダンの実？<n><n>思わずパイナップルだ！と叫んだ声を聞いたものが一人くらいいるかもしれない大声で。
1489581768697327618,今朝は６時起床。<n><n>しばしヤギと戯れ海岸に出る。<n><n>海岸にはおびただしい数のペットボトルと発泡スチロール。<n><n>ペットボトルのラベルは全て外国の文字。
1489580631378247680,作業椅子の高さがいまいちなので別のところから持ってきたなごみいす。
1489579283186339842,なぜ？駄目だとわかるとどうしてもアップしたくなる性格
1489577816832503808,あれ？もう一枚アップできない
1489574989217300481,やや自律神経がやっれたと思われ、帰り道、自分の運転する車に酔ってしまい、先ほど復活。
1489573689880637440,存在しない温度に反応する仕組みとは、<n><n>存在しない脅威に恐怖し、存在する脅威に知らん顔する仕組みと同じでしょうか？
1489572561730301952,今日行ったスーパーもカフェ的な店もその他も皆冷房していた。<n><n>17度って暑いでしょうか？
1489571437602127875,外気の温度は17度。<n><n>どうしてあらゆる店は冷房を効かせているんだろう。
1489570431354998791,そりゃあキッチンやふろ場で揺蕩う生活水の姿は見るけど。<n><n>見られるだけの水というものがあってもそれはものすごい役割だ。<n><n>（5回読んでください）
1489569431248412674,揺蕩う水面の波紋を見るのは何か月ぶりかと思う。
1489222990508470275,こんな感じで、と写真をアップしようとしたがネットが変（ネットのせいにする）でこんな時間に。<n><n>しょうがないから<n><n>またこんど！！
1489221600780386304,とにかく短期間だが明日から集中的にいろんなことする。<n><n>名も知らぬ花の花粉が、とか風流なこと言いながら。
1489219769605963776,でもPEVO1号は一発で入れる<n><n>さすが宇宙の侍さんは惑星大直列のつまようじを咥えて前進する！
1489218663857401856,初めてナビのお姉さんを褒めた日。<n><n>でもPEVO1
1489218008325439494,空港の案内板に従うと絶対たどり着けない幽霊駐車場だ。<n><n>P3の予約駐車場は「P3 P4はこちら」と示されている方向には無く「P1 P2はこちら」と示されている方向にある。<n><n>ナビのお姉さんを信じよう。
1489216928229236742,某空港の予約駐車場の入り口を必ず間違える。
1489215835969552385,あおのようなアクターは昔からいる。現在は入れ知恵されたアクターがうっとおしい。<n><n>どうしてヒラサワの音楽なんか聴いていられるのかが理解できない。
1489214126144786436,ネームバリューに付着する９９％が下らん。
1489213318116290564,主流媒体と認知的不協和とストローマン論法で帰らぬ人となり、私を保護者のように諭そうとする者をミュートした。<n><n>下らん。
1489212444090470401,どんなところに居ても作業ができるほどデータベースが整えられている。感謝。
1489211213867532288,緻密な計画と屈強な精神と清廉なる人たる所以をもってこの芝居を終わらせようとする人々がいなければ、世界は間もなく最低のフィナーレを迎え、だれもいなくなる。<n><n>喜んで行進に加わる模範的アバターたちから先にいなくなる。<n><n>だがそうはならない。忍耐だ。
1489210056113459204,名前を知らない赤い花の花粉がバスタブの端を黄色く染める坪庭に土砂降りがやってきて入浴しているのか雨に濡れているのかはっきりしない。<n><n>こんなことで遠くまで来た甲斐を感じる。<n><n>さあ、配線をしろステルス。
1489208043518586885,自動的に動くアクターたちが謳歌する「飴と鞭の現実」の三流が私の身体に若干の炎症を作り出す酸性毒の通りを無表示で通る。<n><n>まさかこれが今に始まった狂気だとお考えですか？<n><n>こんなものは私が小２のころから世界の標準です。
1489207043638452226,さて、特別自主監禁期間に使う目的で入手したキーボードが壊れている。展示品をポイントで買ったとはいえ、クレームを出している時間もない。別のものを持って立て籠もった。
1488497576005492739,というところでお時間です。<n><n>この話はまたいずれ。<n><n>またこんど！！
1488496084720652291,次にやってきたのはCASIO FZ-1という名機だった。<n><n>FZ-1は否応なく「スケルトン・コースト公園」をヒラサワの胸中から発掘した。
1488494818464460801,その後CZ-5000は使われなくなったものの、私はその名発想の塊のようなCASIOシンセのファンになっていた。
1488493104583692290,お気づきのように、<n><n>「近所の神社の境内へ」<n><n>という言葉の組み合わせからは自然と生まれるメロディーがある。<n><n>私は仮歌の魔術師と自認しているけど、それゆえ本歌詞作りに苦労するのである。「あー、あんな仮歌詞作るんじゃなかった」と。自業自得。<n><n>自業自得の数で決まるヒラサワ品質。
1488491672463757316,サイボーグの仮歌の仮歌詞には<n><n>「近所の神社の境内へ」<n><n>とか<n><n>「米もライスも同じ」<n><n>という語句が含まれており、この二つがいたく気に入られてしまった。<n><n>そりゃインパクトあるでしょうよ。
1488490226724982784,インパクトを翻訳すると<n><n>印象に残ればバカでも良い。<n>売れない利口より売れるバカ募集。<n><n>ということになる。<n><n>どうりで。
1488489124067561472,その後はプロデューサーと大もめである。<n><n>「いやいや、仮歌のインパクトがすごすぎるんでね、あれどうしても生かしたいよね」<n><n>「コミックソングじゃないんですけど。そりゃふざけて作ったんだからインパクトはあるでしょうけど」<n><n>お偉いさんはすぐ「インパクト」と言う。
1488487597911379969,しかし、仮歌のデモというものは諸刃の剣なのである。<n><n>「なるほど、こういう曲か」と感触をつかんでもらうのは良いが、仮の歌詞から離れられなくなり、本歌詞に違和感を感じ、元に戻してほしいと、とんでもない理不尽なことを要求されることがあるのである。
1488486521187364864,それから先の数日間はレコード会社の担当者やプロデューサーに聞かせるデモ歌を歌うための仮歌詞<n>を作る作業に変更した。<n><n>曲のタッチをつかんでもらうために仮の歌詞で歌ったデモはたびたび作られる（私の場合）。<n><n>お偉いさんたちはなるほどと言ってアルバム全体の雰囲気をつかむのだ。
1488485280466280450,これでは仕事にならない。海岸に涼みに行くことを思い立った時、自然と口から「あきらめに行こう」という独り言がでた。
1488484273837510658,となりのチンピラがどんちゃん騒ぎするものだから窓が開けられない。<n><n>室内温度は上がり、CZ-5000の割れた基盤を支える筐体のあちこちが熱膨張？でゆがんだ？<n><n>二度と音が出なくなった。
1488483267678388224,鍵盤を強く弾けばねじれの均衡が崩れ音が出なくなる。<n><n>手を開き、そーっと弾けるフレーズを模索するうちにサイボーグのイントロができた。
1488482274316210179,CZ-5000の脆弱な筐体は運搬時に生じるわずかなねじれで基盤のどこかに亀裂が入り音が出たり出なかったりするようになる。<n><n>浜辺の家屋に設置されたCZ-5000は底面の二か所にゲタを履かせてねじれを生じさせ基盤の割れを一時的にごまかしながらの作業だった。
1488135397125214211,押すと→コスト
1488135261447811072,ところがCZ-5000には弱点があった。極限まで押すと削減を図ったため筐体が脆弱で運搬中に基盤が割れるのである。<n><n>サイボーグの運命やいかに。<n><n>続きはまた明日。<n><n>またこんど！！
1488134609720135681,わ、ひっぱりすぎた。どうやってまとめるのこれ？
1488133482454740992,「バックをですね、あのがっちりデジタルで固めてですね、あのその上にシンプルなピアノ一本乗せるみたいなのがけっこう新しいアレンジなんですよね」<n><n>とか言っちゃってるプロデューサー。<n><n>シンプルなピアノなのね。<n><n>そんな風にCZ-5000は修羅場をくぐってきた。
1488132479839920130,「ごめんねヒラサワ君、俺うまいことごまかすからとにかくオケ録っちゃおう」<n><n>ということでCZ-5000からすべてのパートが同時に流れた時にはさすが疑心暗鬼のスポンサー様も驚いた。<n><n>幸先いいぞ。
1488131379724361728,プロデューサーはしどろもどろでスポンサー様に<n><n>「あの、今日はあの、生のピアノがメインなんで」<n><n>と、ブース内のグランドピアノを指さして言った。<n><n>今度は私の顔が蒼くなった。
1488130207080878081,つまりこういうことだ。<n>当時CMの録音では山ほど楽器を積み上げ、スポンサーに「どうです？すごい装備でやる気まんまんでしょ？」と、機材で威圧して予算を獲得するみたいな物量主義が主流であった。<n><n>その日のスタジオはまるで<n>TESLA モデル 3の室内のようだった。
1488128994574692357,私はソレ一台を持ってスポンサーのお偉いさんがズラッと並ぶCMの録音スタジオに向かった。<n><n>「え？それだけ？」<n><n>とプロデューサーが蒼い顔をして言った。
1488127884661121025,サイボーグの建築に先立ち、この機材がどれほど「使えるデジタルシンセ」なのかを「お仕事」で検証した。<n><n>「使えるデジタルシンセ」という言葉は「使えないデジタルシンセ」に腹立ちを覚えた人間にはウケる言葉だった。<n><n>まじ、つかえねー。が勢ぞろいしていた時代。
1488126498934427652,CZ-5000という機材。デジタルシンセ黎明期の魑魅魍魎から脱却の兆しを見せていたうえに、デジタル技術をフルに生かして複数トラックのMIDIレコーダーを備えていたため、一台でOKの使えるミニマリストであった。
1488124965111042050,その当時、曲を作ると言えば物々しい機材を持ち込むのだろうと想像される時代。だがデジタルの人民解放の入り口にあった時代でもある。<n><n>私はたった一大のオールインワンシンセ　CASIO CZ-5000を持ち込んだだけだった。<n><n>お隣は一升瓶と割りばしと茶碗で奏で、私はCZ-5000を奏でた。
1488123837606613001,海岸沿いの一軒家と言えば聞こえはいいが、夜になると発覚するその惨憺たる隣人の仁義なき発狂。<n><n>端的に申し上げますとチン▽ピラ■ヤ〇クザが毎夜のごとく酒盛りとカラオケでどんちゃん騒ぎするため、家主が逃亡した一軒家であった。
1488122646885650437,書道家、平沢峰石のつてで海岸まで数メートルの場所に建つ一軒家を借りられるというのでそこで曲を作ろうと思い立ったのだ。<n><n>真夏だ。<n><n>同じ真夏のビーチでもまったく爽やかでなく、かつ軟派な風情も無く、難解で、冒頭から「諦めに行こう」などと唸る都都逸が生まれえることを主はお示しになられた。
1488121409880526850,サイボーグ出生奇譚。<n><n>あれは茨城県、鹿島とかいう土地の海岸近くの一軒家でできた曲なのだ。<n><n>すでに驚いたか。
1488119997511569411,ZOMBIの出自を追て知った奇譚に続き今日は何の出自を追おうか。<n><n>貴方の好きな出自喫茶はここです。
1487772640064335876,笛の音は手短にCS-10だ。<n><n>笛を録音し、<n>ベースのネックは見事に逆反りしていたが「ゾンビ」が出来上がっていた。<n><n>明恵上人、Perspectiveに鳴る。<n><n>またこんど！！
1487771114629570566,己の死体を犬に与えて食わせる夢だ。<n><n>遠くから無常臭のする笛が聞こえてきたのでレコーダーを止め、笛の節を録音した。
1487769638477787136,４トラックのマルチレコーダーを回しながら延々バルトークピチカートをしていると明恵上人が書き記していた夢のあるシーンが脳裏に浮かんだ。
1487768478362726403,バルトークピチカートが混じったフレーズを延々弾いたらどうなるか？<n><n>そう思ってその場でフレーズを建築し、同じフレーズを延々録音した。
1487767343245651970,弦を思い切り引っ張ってみてネックが逆反るかどうか見てみる。<n><n>そしてパチンと弦を話す。世間ではこれを「チョッパー」というが私は気に入らない。私は「バルトークピチカート」という。
1487766195793059842,ある日誰かが試作品のベースを持って現れ、私に「これを使ってみてくれませんか？」と言ったので使ってみることにした。<n><n>そのベースは多分商品化されることは無かったと思われるが異常にネックが細いのであった。<n><n>こんな細くて大丈夫か？と思ったらどうする？
1487764869709369347,何十年も経て思い出した。<n><n>P-MODELにはゾンビという曲がある。
1487763669815496704,私は平沢進だぞ<n><n>ゾンビとミイラを混同してないか？<n><n>（既視感）
1487762518168776704,ゾンビと吸血鬼の違いは明白である。<n><n>ゾンビが乾きものであるのに対して吸血鬼は滴る。<n><n>ところで私はゾンビとミイラを混同していないか？
1487761511359541248,で、さっきから背後で目隠ししているゾンビは確定申告という者である。<n><n>すぐ復活してくるという意味ではゾンビだが、属性からいえばむしろ吸血鬼だ。
1487758492068827136,しかし、終わらせても終わらせてもゾンビのようにやってくる忌々しい雑務が白々しく背後から目隠しして「だーれだ」と言っている。<n><n>う、キモチワル。う、憎たらし。
1487757491534450691,月締メ・フォルマント<n><n>は納品された。<n><n>これで雑務は一つ終了した。
1487410198499282947,無い<n><n>またこんど！！
1487409189853016079,その他にツアーから学んだことは有るのか？<n><n>その答えは次のTWで。
1487408183152889871,しかしパルコは健在だ。<n><n>時を経てあの時変えなかった着替えのシャツを買いに行けば店員が寄ってきて「オニイサン、このシャツ、ヤバくないですか？」<n><n>と勧めてくれる。<n><n>ヤバイのはお前だ。<n><n>（これはフィクションです。実在するパルコとは関係ありません）
1487407176461082624,そうと知ったうえでその場所に踏み入り、さらに踏み入ってドアを蹴り開け<n><n>「オニイサンそこに転がっているシャツ売ってくんない？」<n><n>とやる大人は悪い大人である。<n><n>これが得た教訓の二つ目。
1487406169874477057,無益なツアーを続ける中でも得られるものは有るのか？<n><n>有る。<n><n>「パルコ」という看板が見えるからといって着替えのシャツを買おうと目指してはいけない。そこは「ラブホ」だ。<n><n>これが得た教訓の一つ。
1487405163258290181,「自分は誰なのかを知るのが先決だ」<n><n>というのは成り行き上の冗談で決してツアーの本質などではない。もしそれが本質なら、多くのバンドはもっとマシになっている。<n><n>成り行き上の冗談が人を成長させる可能性を期せずして学ぶ赤いほっぺのステルス。<n><n>かわいいと言ったら射殺する。
1487404156625293317,気が付くと別の場所で目が覚めるのは旅先でも起こる。<n><n>ツアーで地方のライブハウスに泊まった時など、深夜に目が覚め<n><n>「あれ？ここはどこだ？」<n><n>となる。<n><n>そこが何処かを知る前に、無益なツアーを続けている自分は誰なのかを知るのが先決だ。
1487403150193545217,今度カラオケに行ったらやってみるがいい。<n><n>その代わり、慣れないとクラ～～っときて気が付けば別の場所で目を覚ますことになる。
1487402143376105476,あれは「ヤバイ、そろそろ息のリソースが足りない」と思った瞬間に一機に肺を絞り込んで声帯に送るのである。その限界による圧の減少が良いちりめんを生むのである。
1487401144783491075,何人かは今幻影を見た。
1487401136621383682,まっすぐ伸びる広域の声を出すにはさぞかし「吸い力」が必要かと思われるだろう。<n><n>ところが、吸いすぎると語尾のちりめんビブラートが出ないのだ。
1487400130210762755,同様に「吐き力」と「吸い力」がヒラサワの歌唱スタイルに大きく関わっていることを今日オマエタチは学ぶ。
1487399123414355969,貴方がワニの口の中で遊んでいたとき、突然ガブという「閉じ力」が生じたらもう観念したほうが良い。貴方にはワニの上顎を押し返す力がない。<n><n>ところが、ワニは「開け力」が弱い。ワニが貴方をかじろうとくちを開けそうになったら、すかさず足で踏んで阻止すればよい。（絶対やらないでください）
1487398116844314626,引っ「張り力」と聞けば「押し力」という連想が浮上する。それは「開け力」と「閉じ力」という対比と同じ次元にある。<n><n>鳥の引っ張り力がテーブルの端で増すように、ワニの口の開閉力にも秘密がある。秘密じゃないけど。
1487397110341410825,引っ張り力を学んだ日は月締メ・フォルマントを撮影した日でもある。<n><n>月締メ・フォルマントにも、少ない話題で尺を稼ぐ引っ張り力がある点で私はほっぺの赤い鳥と何等かの関係を読み取っている。
1487396104199041024,赤いほっぺの鳥はテーブルの端に両足でつかまり、そして柑橘をつつく。それはただテーブルの上荷乗ってつつくより数段引っ張り力が生じる。<n><n>私は鳥の引っ張り力を学んだ。
1487395099264880642,赤いほっぺの鳥がテーブルの中心に置かれた柑橘をテーブルの端に移動した理由がわかりました。
1487048079874220035,あ、ボーっとしてたらピー！とアラムがなった。<n><n>22時をお知らせします。<n><n>またこんど！！
1487047488355725327,綺麗な管なら風が吹いても低い音で「ボー」となるだけだが、詰まり方によって「ピー！」と甲高い音で鳴る者もいる。<n><n>「欲は音に出る」と、昔の人は良く言ったものだ。
1487045973876432897,ところでオマエタチも歩く消化管として一本の管なので、物欲で詰まらせないよう注意しましょう。
1487044871323938817,ところでココナッツオイルをお使いの民は冬季はご注意ください。<n><n>お湯で洗い流したりすると配管の中で再び固まります。<n><n>キッチンペーパーなどで拭いてから洗い流しましょう。
1487043751419678723,最大の違いは生ごみである。<n><n>油も食材もまるで違うのでキッチンの汚れや匂いが全然違う。
1487042656077160459,レモンの皮が甘味を帯びるころ、母親のところに行き、「オエー、オエー」という悲痛のエづきを胸中に響かせながら朝食を支給する。<n><n>ほっぺの赤い鳥には餌付けし、<n>母親の朝食にはエづく。
1487040997246730249,そしてオマエタチはフンである。<n><n>オマエタチがフンであるからには鳥々が東西南北の土地土地でフンをする度に減ってゆくのである。<n><n>増える運命にあるフンより減る運命にあるフンのほうが何かと助かる。
1487039858207911939,さらに地位を測定するならば、窓辺に置いた柑橘を食べにくるほっぺの赤い鳥は食べたついでにフンまでしてゆくので明らかにヒラサワより地位が高い。
1487038748999262210,神は柑橘の上にヒラサワを作らず、ヒラサワの下に柑橘を作らず。
1487037742303223811,万民がひびえうわけではないが、私は柑橘系より身分が低いことが判明している。<n><n>そもそもゆず湯で感電するので柑橘には頭が上がらないのである。
1487036735628320770,重力が存在しないことを体現している髭を撫でながらレモンを咀嚼している間に業務メールの返信などする。
1487035729226072073,たった一切れとはいえ、皮ごと食べるレモンスライスで舌がしびれる。<n><n>ひたがひびえう<n><n>みたいな。
1487034722362351624,サルベストロールと<n>サルバドールの語感が似ているので、朝から変な気分になる。
1487033716199333890,以前はレモン2Kg買っただけで大騒ぎしていたが、今は平気で5Kgは買う。<n><n>朝は500mlの塩水に加えサルベストロールの浮き出たレモンスライスを白湯に浮かべ皮ごと一切れ食べる。カテゴリー分けするならこれが朝食だ。
1487032720639377419,今日のドレッシングは<n><n>ステルス株の豆乳ヨーグルト<n>オリーブオイル<n>フラックスシードオイル<n>ニュートリショナルイースト<n>ヒマラヤ岩塩<n>アガベーシロップ<n>レモン汁<n><n>の混合物だ。
1486685747499266051,ところでステルスはかつおダシOKなのか？という話題に「基本NGだけど付き合いで蕎麦屋に入るときはつべこべ言わない」と知ったふうなことを言い、飲み会でヒラサワをダシにしてちょいとモテようとする輩もちらほら。<n><n>はーい、その人知り合いじゃありませーん！<n><n>またこんど！！
1486684228846714885,ちなみに太陽系ステルスそばツユは昆布だしです。
1486683056115109891,昔の花やしきは周囲のソバ屋から漂うかつおだしの匂いに包まれていた。<n><n>クレープの甘い香りがするどこかの遊園地。<n><n>かつおだしの香る花やしき。<n><n>かつおだしの香る遊園地で育つとこういう大人になる。
1486681446211227652,最初は本物。開発で取り壊された。<n><n>その後偽物を設置する江戸のシャレ気質。
1486680190344327169,その仮設度たるや、浅草花やしきのジェットコースターコースに設置された偽のアパートと偽の洗濯物レベルだ。<n><n>あれを本物だと思っている人たちご苦労さまです。いいですけど邪魔だけはしないでください。
1486678980069445637,あらゆる意味で今は仮設現実に住まされていて、その外に本当のことが渦巻いている。<n><n>エネルギーもね。<n><n>ゲームチェンジもよいが、Potpouriのように脱ゲームもまた良い。
1486677367678541830,「もう無理」な理由をありのままにお伝えいたしました。<n><n>「ああ、申し訳ありません」<n><n>「いえ、ディーラーが悪いわけじゃないと思います」<n><n>と申し上げ、人柱候補者の検討材料になればと願います。<n><n>これを人柱という。
1486676360970084361,科学的ではない、信仰により寒風吹きすさぶ中に長時間滞在したため体温は低下し、確実に免疫も低下したはずという科学的推測をどこで発表すればよいですか？<n><n>この世には美しいパラドックスとグロテスクなパラドックスがあります。
1486675354806796289,昨日、車の点検でディーラーに行きました。<n><n>担当者に<n><n>「いかがですか？お変わりありませんか？」<n><n>と問われたので「もう、無理」<n><n>と答えました。
1486674348014514177,ピーラーが私の先端を分離させたからといって事務所に抗議の手紙を出さないように。<n><n>「ケイオスユニオンは所属アーティストがピーラー使うのをやめさせる事も出来ないんですか？」<n><n>はい、できません。私は社長権限でピーラーを使っています。
1486673341104762886,自分で立てた目標が２日遅れていることを世界は知らない。<n><n>世界を騙すことからヒラサワの１日は始まる。<n><n>だが、ウソはつかない←これ以外。
1486672334522044417,朝からPCのモニターを挿げ替えるという雑務を強いられては指の先端もパカパカするのである。<n><n>しかし、窓辺に赤いほっぺの鳥が来てフンをして行くのでステルスの核心は絶好調なのである。
1486671328384069639,そういう了見だからして、ピーラーというものは果物の皮をむいたり、私の指の先端をパカっと開いたりするのだ。<n><n>悔い改めていただきたい。
1486670328684322819,オマエタチは故意に今日を27日にしており、私に毎日月締メ・フォルマントを作らせようとしている。
1485961321917333504,化学的素材は食べられないと、幼年ステルスは神から学んだ。<n><n>だが神はウソをついた。<n><n>そんなの21世紀じゃみんな食べてる。そればっかり食べてる。<n><n>またこんど！！
1485960788708048905,もう一度ヘリコプターに乗れをいう井戸の神様の声に従い再び雲海の声を聞く。<n><n>「そもそもビニールから離れろ」<n><n>（あ、まとめなきゃ！）
1485958916928589828,祖母の家の井戸水は鉄と牛の匂いとビャクダンの催眠でできている。<n><n>こんなものを飲んで体上部ならビニールくらい食べても大丈夫なはずだ。<n><n>（完治していない。。。）
1485957721270939651,イチジクは美味しいと思う。<n>だから牛もイチジクが好きだろう。だからいくつもイチジクを高い高い塀を超えて投げた。<n><n>そして井戸水を飲む。<n>井戸水の鉄の味はストラトキャスターのセンターとリアのハーフトーンの切れ味だ。
1485956268158496772,シビレ踊りの三畳間にはヘリコプターと仏壇がありビャクダンの香りに満ちていた。<n><n>ヘリコプターはビャクダンの空を行き、眼下の牛に暗号を送った。<n><n>モオー。<n><n>それにこたえて<n><n>もうー。<n><n>もう夕方だった。
1485954701850218497,回転する事務椅子をさかさまにしてヘリコプターに見立てて中にもぐりこんだ幼年ステルスは前方の雲海に走る稲妻が神を代弁してこう言ったのを聞いた。<n><n>「おまえは自分の唾液を飲むとお腹の中におまえが生まれると思うか？」<n><n>「いいえ」<n><n>「完治だ。さあ、人生を行け」
1485953531861671936,幼年ステルスがシビレ踊りをした三畳間には卵から生まれたひよこの絵が飾ってあった。<n><n>卵を食べたらお腹でひよこが生まれるんじゃないのか？<n><n>と幼年ステルスは神に問うた。<n><n>「おまえ、考え方が操作されてる」<n><n>と神は言った。
1485952168729661446,見事にはやりものとソフトクリームを結合させたヨタ話だった。<n><n>幼年ステルスは驚愕に手足がしびれたような動作をして踊った。<n><n>お腹の中のお腹にお腹の中のお腹があ～。<n><n>次いで隣の牛が辞世の句を詠んだ。<n><n>もー。
1485951104500531205,どうして昭和の人々は未来人はみな透明のビニールの服を着ていると思ったのか。ビニールは未来を象徴する夢の素材だった。<n><n>祖母は幼年ステルスにこう言った。<n><n>「ソフトクリームはビニールでできているんだよ。食べたらお腹の中にダッコちゃんができるんだよ」
1485950091529945088,大曲りのトサツ場の隣に居を構えた祖母は幼年ステルスをいかに現代的なインパクトをもってソフトクリームから遠ざけるかについて、結合させるテクノロジーを探した。<n><n>それはビニールだった。
1485948958673600515,そのころ、未来を展望する科学と何等かの文化を意味なく結合させる行為はモダンだと思われていた。<n><n>例えば<n><n>電気ブラン<n><n>とか。
1485947805542010885,子供たちは宇宙の食べ物「ソフトクリーム」にくぎ付けだ。<n><n>しかし多分ラーメンより高価だったため、大人たちは子供を大気圏外に出すまいと頭をひねった。<n><n>天井からぶら下がるハエ取紙と大人たちのひねられた頭で南口商店街では直線が罪悪にさえ見えた。<n><n>まっすぐ生きよう！
1485946670349438985,ラーメンが30円の時代。まだ二本刺しのお侍さんが電車でお城に通っていたころ。光陽楼に巨大なソフトクリームマシンが導入された。<n><n>天井からぶら下がるハエ取紙とマシーンの前面に突き出たガラスのドームの違和感で南口商店街は爆発寸前だった。
1485945554312085507,太陽系ステルス亜イスを除き、過去最も美味なるピタゴリアンアイスクリームを食べた。<n><n>どこでかは教えない。
1485598305724006400,ゆえに話題にしなかったというわけ。<n><n>ゆえに私はアンプを使わない。<n><n>ウソだけど。<n><n>温まらしてもらってありがとう！<n>またこんど！！
1485596997055053826,権力批判をするだけで正義の味方だと勘違いするチョロい人たち。
1485596590392082434,このエピソードは有名だが、イベントの内容については一切語ったことがない。<n><n>放送禁止用語を連発し、赤ヘルをかぶり、日本国旗に火をつけるようなバンドばかり。<n><n>クッダラね。温まったらかえろ。<n><n>そんな感じ。<n><n>現在でも朴訥でナンチャッテ正義感の強いミュージシャンはあっち系に騙される。
1485595449499484166,関係者でもないのにそんなところに入れたのは服装と風情のおかげであり、出演者以上に出演者に見えていたと思う。ナンチャッテ出演者。
1485594304592887816,そのような服装のまま大晦日に鎌倉の浜辺に行くもんだから凍え死にしそうになり、なんだか知らないけどライブのイベントの舞台裏に行ってアンプの熱で暖を取ってたために田井中貞利と遭遇することになる。
1485593051754287106,その時代に行くことがあれば、ついでにヒラサワを探すのはそれほど難しくない。<n><n>長髪。えんじ色に極小の白い水玉のジャケットに首が大きくあいた黒いTシャツ。ベルボトムのジーンズにロンドンブーツを履いているナンチャッテグラムロックの男がそれだ。
1485591387324436486,あのへんは、デザイナーやミュージシャンやヒラサワなどがウロチョロしていた。
1485590265905946624,一目置かれる（気のせい）もんだから調子に乗って教科書などをディスクユニオンの黒い袋に入れて持ち歩いていると袋のインクが落ちて手が真っ黒になる。<n><n>ディスクユニオンの黒い袋の下地は赤だ。覚えましょう。
1485589197498896384,千代田線、お茶の水駅付近にはレモンという画材店があり、用もないのに店内をうろついているだけで一目置かれた（気のせい）。<n><n>向かいには怪しい黒塗りの階段を上るとディスクユニオンがあり、バージンレコードの中古盤の入った黒いビニール袋をもってウロチョロしていると一目置かれた（気のせい）。
1485588190761082882,ウソだけど。
1485587184287723529,その日私は坂の上から下まで転げ落ちて行き、下りきったところでMANDRAKEが出来上がっていた。<n><n>そして下りきったところの店で800DVを買い、MANDRAKEは解散した。<n><n>坂を上り、お茶の水の駅に着いたころにP-MODELは完成していた。
1485586177503674369,なぜそうなったのか。明大通りの両脇には当時楽器店が軒を連ねており、坂の上から下までメンボの張り紙を見てゆけばバンドの一つや二つあっという間に出来上がる。<n><n>それほど楽器店だらけだった。まるで上野の中古バイク屋通りのようだ。
1485585170803707909,インターネットであらゆる店の在庫を調べられる時代ではなく、一軒一軒探して回るのだった。<n><n>当時はシンセなど珍しく、まるで核兵器を担いで電車に乗る男を見るような目で見られた。
1485584164732633091,お茶の水、明大通りの坂を下りきったところでようやく展示品を見つけ、箱は無いと言われ、激重い800DVをむき出しで担いで坂を上がり千代田線に乗ったのだ。
1485583159597035522,展示品のキーボードを購入したのは2度目だ。<n><n>１度目はKORG 800DV。<n><n>P-MODELではミュージカルホッチキスの異名で活躍。盗難。
1485235878020923394,それほど人類はやめないのだ<n><n>とTシャツに書き。認知的不協和によってやめないことを感情的に正当化せず、やめた人にあてつけをせず、そうすればあなたの美は帰ってくる。<n><n>またこんど！！
1485234380562124802,ステルスをまねるとすると、ほとんどの場合引き算となる。<n><n>それが辛いのは分かる。よーくわかる。<n><n>それほど人類はやめないのだ。
1485233131297075202,私を不老というならその秘訣はまったく隠されていない。<n><n>ステルスの多数派と違うところを見つけてまねればよい。<n><n>ただそれだけ。
1485232063314014215,さて、話をどっちに振ろうか迷っている。<n><n>振ろうか、不老か。
1485230468706746371,とてもシンプルなこと。<n><n>難しいことは何もない。<n><n>一つ分かればドミノ倒しのようにわかってゆく。<n><n>そうだろ？兄弟。
1485229338031460352,「それほど人類はやめない」のは<n><n>ちゃっかりと隠れ切っている悪党どもに飼育されたからです。
1485228208157257730,「それほど人類はやめないのだ」<n><n>について補足させていただきます。<n><n>ことほどさように人類はダメなのであり、戦争や環境を破壊するゴロツキなのだ、という善良な人類に濡れぎぬを着せてちゃっかりと隠れ切る悪党の代弁をいしているのではございません。<n><n>人類委はまったくダメじゃない。
1485227171555983361,やめられない全てのスイッチをせーので切ったら人類は発狂する。<n><n>それほど人類はやめないのだ（何をいだ！！）。
1485226033981050882,食い物やコンビニで入手するやめられない刺激やほとんどの口にするものが松果体をイジメ抜いているという噂は、イジメられていない時代の人間がもう居ないので実証しかねると店主は言う（どこの？）。
1485224896305467393,人たる有機体は松果体を介して同期するかもしれない（かもしれない同期）。<n><n>人類MIDIのプロトコルは無意識化で同期し始めているという夢想。<n><n>おくれを取ってはダメ。<n>おくれを取ってはX。
1485223789696851971,イチゴとバニラとアーモンドの３つのモジュールから成るシンセサイザーについて考察してみたい。<n><n>半導体不足で巷のシンセも入荷未定が続出だ。<n><n>私は昨日、展示品のキーボードを購入する始末。<n><n>それなら、有機シンセサイザーだ。<n><n>それは非常に良く同期する。
1485222782942154752,バナナが喜んで育つ地域で売られているイチゴはマズイ。<n>南国はフルーツが美味しいという印象は私の中ではとうに崩れている。<n><n>イチゴ色をしてバニラが香る果実は今いずこ。
1485221776636272642,ちぎっては投げされるものにバナナがあるが昭和の駅前では叩き売りもされていた。<n><n>ちぎられたり叩かれたりするバナナを盗もうとして熟成室のガスで死んでしまった人がいる。
1485220777775435776,引っ越しのあとは並みいる認証作業をちぎっては投げちぎっては投げしている。
1484873538863767559,おっとこんな時間だ。<n><n>反旗の振り方を知らず、ただ自己否定にはしるシンナー女子の話に及ぶところだったがそれはまたいつか。<n><n>またこんど！！
1484872691400462336,その集落には朽ち果てたオート三輪があった。<n><n>ダイハツミゼットが土手の斜面で風化の時にさらされていた。<n><n>焦げた綿の匂い。火事場の絶望感と風化するミゼットそしてイチゴの香りとおじさんの放つ光。
1484870827107819526,アイスキャンデーはイチゴシロップの香り。<n><n>少年ステルスと廃品回収のおじさんの間にはイチゴの同盟があった。<n><n>町中でリヤカーを引くおじさんに会えば後ろから無言で押した。<n><n>同盟だからだ。
1484869734474870785,おじさんたちは貧乏だが、夏の日に好奇心でギラギラする眼差しで回収された廃品を見るステルスにこう言った。<n><n>どれが好きだい？<n><n>ボイラーのパイプや壊れたラジオを指さし「これ」というとおじさんは<n><n>「残念だがこれは売り物でね、そのかわりおじさんがキミにアイスキャンデーを進呈しよう！」
1484867745833701383,そのエリアは焦げた綿の匂いに包まれており火事場の絶望感のようなものが漂っていたが、廃品回収のおじさんたちは元気で切れ味が良かった。
1484866577757794311,中川の土手の陸地側には廃品回収業者の集落があり、河川敷にはシンナーで歯がボロボロになった女子中学生が２名、デュオでラリッている場所だ。
1484865501621022721,実は中川橋と青砥病院の間にはしょっている場所がある。
1484864127294394369,古いご贔屓衆ならニシラから日本紙業の倉庫のブリキのトタンを爪でこすりながら中川橋へと向かい、エヅレ巡査の口臭を嗅いで青砥病院へと向かう少年ステルスの姿は容易に想像できるだろう。<n><n>（容易か？）
1484862961818963968,朽ち果てた水色の三輪に乗る白髪が胸に秘めたる赤はストロベリーボーイの赤である。<n><n>去るステルス、イチゴの香りを残し。<n><n>全部混ぜると薄紫である。
1484861794367963142,胆汁色素が血液に蓄積され、その色素のために声が黄色いのである。
1484860764930572289,朽ち果てたオート三輪に乗って楽屋入りするステルスを黄色い声が追う。<n><n>水色の三輪に乗る白髪の男を追う黄色い声の主たちとは赤の他人である。<n><n>黄=赤
1484858547699843073,わ。もうこんな時間！
1484511098359500804,一方近隣の女子は裸族の息子によって男子は裸になるとイチゴの匂いがすると学んだ。息子は毎日駄菓子屋で買った糸の付いたイチゴアメを口に入れていたからだ。<n><n>亀有育ちの男子がストリベリーボーイと呼ばれる所以。<n><n>またこんど！！
1484510086802202625,古いご贔屓集にはお馴染みの駄菓子屋さんのおばちゃんは、夏になると上半身裸で店に出る。これにより近隣の少年たちは女性のアーキテクチャーを学ぶことになり、女性はすべからく胸部から出発して腹部で終わる突起があることを学ぶ。
1484509080219787268,裸族の息子は正当な収入を堅実に使い、盗んだ金は豪快に使う。<n><n>堅実な使い道とは。。<n><n>裸族の息子は、お小遣いをもって同じく裸族のおばちゃんがいる駄菓子屋へ行く。
1484508073741979648,まるで義賊のような息子だが彼には短所もあった。彼は真夏に素っ裸で外に出て遊ぶ。<n><n>息子は義賊であり、裸族でもあった。
1484507066869944327,旅先に実用に耐え得るキーボードを隠しておくという手もある。<n><n>ステルス幼年期には５月になると巨大な鯉のぼりを上げる地主があり、息子は親の金を盗んで買った高額のおもちゃをニシラの茂みに隠していた。<n><n>貧乏な子供たちはそれで遊び、また茂みに戻しておいた。
1484506060249567234,ところで嬉しいとゴロゴロいうのは猫だけではない、牛もいう。<n><n>ああ、牛の後ろ姿よ。
1484505053926993924,そういうものが有るならば、二階の窓から猫の通りそうな道にキーボードを投影してじっと待つということもできる。<n><n>遠い昔に黒鍵盤だけで演奏する「猫ふんじゃった」という曲で不幸な猫の境遇は奏でられていた。現代は猫が鍵盤を踏む時代となった。
1484504047310753797,しかし、小さなキーボードは使い辛いし、大きなキーボードは運び辛い。<n><n>辛いと辛いに挟まれた幸福なキーボードは無いのか。<n><n>そういえば数年前、QWERTYキーボードの映像をテーブルに投影して使うバーチャルキーボードをみたことがある。MIDIキーボードでその類は無いのかと考えてみる。
1484503040505774083,そうすれば、旅先で誘拐されても、遭難しても、不時着しても、逮捕されても、ダムが決壊しても作曲ができる。
1484502034053226496,というわけで奏でる用務員たる者、旅先のいかなるシチュエーションでも曲を作れるようにするため、持ち運べるキーボードを入手すべきだと気づいた。（完全に遅い）
1484501027223007233,しかし、ついにキーボードが必要な局面に到達してしまった。曲のイントロをセリフに合わせてアレンジしなおす必要に迫られ、タブレットのQWERTYキーボードを使って曲を打ち込んだ。<n><n>これダメ。必ずダメ。果てしないストレスと時間の無駄。
1484500020757995527,「そうだ」<n><n>と思った。自主監禁房にキーボードは持って行かない。と決断してタブレット一つで飛行機に乗った。
1484499013906821123,「無いほうがマシ」なキーボードを持ち帰る愚行はせず、高温多湿のナイトマーケットで髪の毛がとぐろを巻いてしまったMTFのオネイサンの服屋さんの前に廃棄してきた。<n><n>無いほうがマシなモノを捨てる者の心情をMTFのオネイサンはよく理解している。彼女は言った。<n><n>オーケーオーケー。
1484498007458553856,昨年、自主監禁にてZCONストーリーの骨子を作りに行く計画を立てている時、あの時の叫びがようやくつくばツインピークスに届いた。<n><n>「こんなキーボードなら無いほうがマシ！」
1484497001186095104,トロピカル国のおおむね埼玉県あたりに相当する土地にマンションを借り、引きこもって作曲したわけだが、「こんなキーボードならないほうがマシ」と開け放たれた窓に向かって叫ぼうとも熱帯シティーの夜の喧騒にはかなわない。
1484496005022236676,現地調達MADE IN 不明の怪しいMIDIキーボートとノートブックで作ったのが「突弦変異」に収録されている「ミサイル」だ。
1484148716118306817,亀有駅が三次元構造になり、北と南の通路ができたとき、北の人間は初めて南を知る。そして人々は口論になった。<n><n>「何言ってんだ？この世に南なんかあるわけねえだろ」<n><n>「いや、ある。見てみろ」<n><n>「ばかばかしい、見る気ないね」<n><n>世界は二分されたままだ。<n><n>またこんど！！
1484147698907299843,北は区画整理された清潔さと理性的采配による秩序があり、南にはニシラや日本兵やアキラさんがいる無秩序的共存バランスがある。いわば、より無意識的な領域だ。
1484146692454850566,現在の民は三次元を認識できるため高架線は現実に存在できる。<n><n>たった一次元不足しているだけで「それはどう見てもおかしいだろう」と力説しても全くわからない人がいるのは仕方ない、と亀有駅の高架線は現代の我々に身をもって示してくれている。
1484145685775609857,亀有駅の改札は関所のようであり、南から北へ行くには入場券を買って財力を示さなければならない。<n><n>昭和の世界はまだ二次元であり、駅は地上に張り付いたまま電車の通路によって断絶されているため、高架線の下を行き来するという発想は都市伝説とされていた。
1484144679226535938,南の土人は鼻を垂らしている確率が高い。<n><n>こぎれいで運動会でもイキイキしないステルスはしばしば北の種族と間違われたが、それは心外だった。<n><n>エヅレ巡査の口臭に後ずさりし、廃品回収業の焦げた綿の匂いにエづいたとて、平沢家の人間には誇りがあった。
1484143672799088641,一つのクラスには北のハイソと南の土人が混在していた。<n><n>成績が良いのが北で、運動会でイキイキするのが土人である。<n><n>今村君はステルス同様、南の土人である。
1484142665889320963,北には近代文化の先鋭、プールがあり、次亜塩素酸カルシウムの匂いに象徴される「綺麗な水」の陽光反射できらめいており、南にはエヅレ巡査の口臭と廃品回収業の焦げた綿の匂いがあった。
1484141659562545156,しかしアノころの亀有駅はある種の境界線であった。<n><n>亀有駅を境に北と南に二分された世界は、生活水準の差を示しているように見えた。（主観です）。<n><n>階段を一段あかしで登れないステルスの目には「南の貧乏な世界」「北のマシな世界」という違いが見えていた。ステルスは「南側」の部族である。
1484140652812189697,現在の亀有はアノころから比べれば未来都市のように煌びやかだ。まるで空飛ぶタクシーが行き交い、半重力の自転車に乗る平沢四朗がチタンの糸で織られたサラシをなびかせていてもおかしくないほどに。
1484139645931716609,はて、どうしたものか。<n><n>まるで出会いがしらにステルスから難問を突き付けられた野良猫のように鼻息を荒くして目ヤニの奥から理不尽の曇天のような視線を向けるか弱き民のために、昭和の亀有駅へと話題をシフトさせるという提案。
1484138639575638019,「主観」に第一の信頼を置くことは非科学的で現実的ではないという批判は、「主観」をよく分かっておらず、低科学的で低現実的だと私のサブなコンシャスネスが申しております。<n><n>はて、どうしたものか。
1484136626041200647,「意識」に無いにも関わらず行動や行動の動機に影響を与えるサブなコンシャスネスを走る青白きスパークが「はいそうです」と答えさせたのならそれは「意識」の漏電よりも好待遇に値する電撃である。<n><n>3回読んでください。
1484135619349696512,一般的に「そうです」と即答できるのは質問の意味が分かっているからだ。<n><n>少なくとも少年ステルスの「意識」には即答のトリガーとなるスパークは無く、なぜ即答したのか分かっていない。
1484134613131964416,現場には自転車をこいでいる少年が映っているが、あれは少年ステルスではない。その声を聞いた時はあの少年とは反対方向に走っていたのだから。
1483424777742471169,最近はココナッツオイルも使っておりません。<n><n>私は長年枕難民で未だに最適なものに出会っていません。<n><n>あ、こんな時間！！だまされた！<n><n>またこんど！！
1483423467332845568,３つ戻るすごろく回答。<n><n>タオルは今治産です。<n><n>４つ進むすごろく回答。<n><n>スキンケアは全く行っていません。今風にいうなら常時「肌断食」です。調べてみてください。
1483422588269637634,作業中に座っている椅子はオカムラ家具のコンテッサです。<n><n>軽く10年以上使っており、座面とアームレストを一度交換しております。
1483421494080606214,最早ヨーグルトメーカーは使わず、過去に培養を成功させたステルス株を受け継いでいます。<n><n>具体的にはヨーグルトに豆乳とオリゴ糖を足し、室温で放置し、しばらく後に冷蔵庫で低温発酵させます。
1483420404861800458,バスタオルは過去にご贔屓様からいただいた高額なタオルが数十年経ってもヘコタレないことから学び、高額なものを使用しています。
1483419271300784130,買ってよかったキッチングッズはもちろんVITAMIXであります。<n><n>次いで玄米を発芽させて炊飯するマシンです。
1483418108983652353,これより質疑応答の時間となります。ただし質疑は「使っている道具」についてに限る。
1483416764319166464,一発目から時間稼ぎのようなTWをカましているところを見るとネタを探しながら進んでいるということがわかる。<n><n>大きなイベントの前は緘口令の猿轡をされているのだ。
1483415649787740160,多分もう少ししたら夏みかんの皮ごとスムージーを飲むことになると思う。<n><n>それほど夏みかんリッチなのだ。
1483414221845336066,似たような形のただ一つの扇風機が有るが、あれは中で手旗信号の人があおいでいるのだと示されている。（どこに？）
1483413094017961984,空中を牛を乗せてトサツ場へ向かうあの乗り物は手旗信号を利用している。<n><n>あの空中に浮かぶ輪の部分で係の人が手旗信号をしているのだ。
1483412408484122630,江戸時代、大阪の米？（忘れた。とにかく何か）の相場は４時間で江戸に届いたという。<n><n>手旗信号を使ったのだそうだ。<n><n>手旗信号を動力とする乗り物を作れば４時間で東京から大阪まで行ける。
1483411174767362049,とても大きな音源ファイルたちを引っ越しているんだよ。<n><n>昨日から転送を初めてぶっ通しでまだ半分も来ないんだよ。<n><n>あまりに時間がかかるので気が付いたら大曲りのバス停はあんなになってるんだよ。
1483061651066990600,レトロフューチャーな感じでめちゃめちゃおしゃれだ。こんな車のメーカーがあるとは知らなんだ。もう存在しない。<n><n>来なかった近未来みたいなデザイン。<n><n>ああ、また来ないのか。<n><n>またこんど！！
1483060564461232136,危うく打診の時に添付した写真を公開するところだった。<n><n>残念ならDSや2CVの写真じゃない。もっと希少でシンプルなやつだ。
1483059432301162500,ある工場に、中身はなんでもいいからガワだけこういうデザインの車作ってくれますか？ときいたら断られた。今朝メールで断られた。<n><n>普通断るでしょう。
1483058381317632006,元来私は車は動けばよいと思うほどで、実際何でもよいけど、大金払うのに嬉しくないも買いたくない。そもそもほとんどデザインが我慢ならない。
1483056767202656256,返却額で新車が買える。<n><n>あと二年は駐車場の重りとなるでしょう。<n><n>ただ高速道路での安全性や快適さは否定できない。
1483055645918363648,もう無理と言っても手放せない仕組みになっている。<n><n>軽自動車並みの値段で入手できるプログラムで入手したため、4年間売却できない。中途解約は違約金を取られ、4年使用の条件で得た補助金と合わせて数百万円を返済しなければならない。
1483054495835639810,まとめ：<n><n>これは宇宙に一番近い街、つくばでの話。宇宙から多少遠くても近くに複数のステーションが有る地域の人にとっては良い車だと信じるに値する。<n><n>わたし？もう無理。<n><n>減るなら乗るな。乗るなら減るな。
1483053488972124162,隣の県のステーションは常設で夕方まで営業している。売り切れや圧力不足なんてことにはならないだろう。<n><n>信じるな！<n><n>しかし、無事に満タンいただいた。さあ、帰るまでにどのくらい減るかな？好奇心で走る機械。
1483052482213203968,「お客様、こちらの水素はあちらの男性からです」<n><n>そう言ったかどうかは知らないが、後続車の運命は見たくないのであっという間にステーションを出て他県へ。
1483051475869700100,ステルスのMIRAIは腹3分の水素を得た。<n><n>よし、これだけあれば隣の県のステーションまで行ける。<n><n>燃料電池車とは、己に水素を補給するために走る機械である。<n><n>技術が泣いている。
1483050469198995456,「その半分を入れてください。後ろにもう一台いますから」<n><n>AMIGAユーザーのダッシュボードにはこう書かれたステッカーが貼ってある。<n><n>「あなたのママはあなたに何と教えましたか？シェア！！」<n><n>貼ってないけど。
1483049462561849347,ついにステルスの番がやってきた。ステーションのおじさんが首の後ろを摘まんで運ばれる猫のように首を引っ込めてやってきた。<n><n>「申し訳ありません」<n><n>ダメか。。<n><n>「残っている分をどうにか入れても半分は行かないと思うんですけど」<n><n>じゃあ、よそを当たる。<n><n>なんてありえない。
1483048455882919938,だが希望はある。全員が空っぽでくるわけではないので、運が良ければ私にも回ってくる。<n><n>ああ、なんということ、私の後ろに7台目が並んだ。あ、先日の横浜ナンバーのお姉さんだ。
1483047449472163842,到着すれば既に5台の先客。<n><n>供給車は５台を満タンにする量しか運んでこない。<n><n>皆手ぐすね引いて待っていたのだろう。これを逃せば命はないと真剣な思いでたどり着いたのだろう。<n><n>ああ、私は6台目。
1483046443069759500,水素物語はもうフィナーレにしましょう。<n><n>これはコントではなく実話です。<n><n>正月休み、臨時休業を経てようやく今日は水素を補給できると勇んで出かけようとした。<n><n>常に開いていると信じてはいけない。それはピタゴリアン系の店と同じ。電話確認。よし、供給車はステーションに向かってるとの回答。
1482699794070249478,日本語のお兄さん、雅な茶の香り、フリーフォールの恐ろしさ、最敬礼する新設なタクシー運転手。<n><n>これがステルスの脳裏に記憶電流として渦巻く台湾の印象。<n><n>台湾殿。またこんど！！
1482698137915764736,「私は貴方を連れてゆきます」<n><n>とやや喉の奥のほうで発音する日本語で私を電話機の場所まで案内してくれた台湾のホテルのお兄さん、ありがとう。
1482696850402836484,まじ、みやびくね？これ。
1482696478091284481,あ、マジ、新品カートリッジのかぐわしき白煙は雅也。<n><n>ジャスミン緑茶リキッド台湾製。
1482694997388722177,リンチの数で決まるステルスクオリティー。<n><n>幼年期から今に至るまで、通説は少数派に対する緩慢なるリンチである。
1482693602778435585,ピタゴリアンはリンチには慣れている。<n><n>そこに暴力はなく、ただ善意があるとされる。
1482692540910678017,もっとも、それだけ出費したからにはもう戻れないという壁際に押し付けられるリンチのような脅迫にのぞんでさらされたのであった。
1482691429210398727,ミストの発生部はロシア製、電源コントロール部はドイツ製、噴射口はフィリピン製など凝りに凝りながらようやく自分のフレーバーを確立していた時代は遠く。<n><n>今は「カチッ」で終わり。
1482690258953474053,ミストの噴射機は初期のようにコイルを自分で巻いたり、電圧を微妙に調整したりしない。<n><n>ただカートリッジをポンとセットするだけで味の濃い爆霧が出る。<n>そして漏れない。<n><n>あの時代は何だったのか。
1482688988364574722,やや粘着質の鈍い月光を映してろ過する白き雲海に浮かぶ噂の月。<n><n>雲に浮かんで良いのか月。という問いかけは胸の内にしまい。
1482687530617405440,カートリッジをたった今新品にしたため濃厚なフレーバーは濃厚な爆霧となって視界を白くする簡易雲海に突入した高度9000メートルの爽快。
1482686395558752259,一方、ジャスミンティーに強めのメンソールを配合したミストが気管支を鋭利な刃物をぺたぺたと当てるような感触で呼吸器系をなだめている。<n><n>端的に言うと<n>あーすーすーする。
1482685210009698307,強い刺激によるリフレッシュを求めるため、炭酸水を投入している。<n><n>強ければ強いほど良いことの一つとして炭酸水が挙げられる。
1482336974455603210,次のチャンスは月曜日。<n><n>もうそこに行くエネルギーしかない。行って無ければかえってこれない。<n><n>ヒラサワ行方不明事件。<n><n>またこんど！！
1482336348560572421,自粛
1482334899004911619,なるほどレッカー車に乗ればよいのだ！<n><n>そうすればいつ水素欠しても大丈夫。<n><n>でもレッカー車に乗ってる以上水素は減らない。<n><n>パラドックの数で決まるステルスクオリティー。
1482333769420111875,供給車に乗るというのはどうだ？<n><n>そうすれば水素は逃げない。<n><n>逃げないけど供給車がガソリン車だった場合逃げない水素は何のため？<n><n>パラドックスの数で決まるヒラサワクオリティー。
1482332113735417856,手の付けようがないほど散らかり、複雑そうに見えていたものが整理され、実現の可能性を醸し出すようになってゆく。<n><n>今頃実現の可能性とか言っているのかオマエ！<n><n>とお思いでしょうが、はいその通りです。<n><n>これくらい「どうにかなる」と思えるずうずうしさを獲得したら乗りましょう！アレに！
1482330813681512454,CGや舞台などの打ち合わせが始まった。
1482329100866179075,ステーションがガソリン車かどうかは未確認です。<n><n>玄関先にMIRAIを出しておくと水素入れていってもらえる未来を夢見て。ついに現実のMIRAIは停止寸前。
1482328033101217794,今日もモタモタしているうちに２時間の営業時間を過ぎた移動式ステーションは去って行った。<n><n>いいなあ、ステーションはガソリンで動いて。。。。
1482326780254261252,あいにくですが今日は終了いたしました。<n><n>では近くに同じ店はありますか？<n><n>はいございます。こちら板橋からですと沖縄にございます姉妹店が最寄りとなります。
1482325094886408195,そう教えられている。<n><n>以下自粛
1482323877812666368,この業界のX印は、それはエネルギーが何等かの活動に変換されなかったことを示す。<n><n>壁画の牛に記されたX印は少なくとも効率の悪いエネルギーくらいには変換される教えられている。
1482322674105810945,表示されているのは直線距離だ。<n><n>直進の達人、今村君しかたどり着けない。<n><n>しかも営業していないこと無慈悲に大胆に端的に示すX印がついている。
1482321669054255109,周辺には３つのエネルギー補給所が有ると表示されている。<n><n>それぞれ数十キロメートルだから空腹で倒れる前に到着できるだろう。<n><n>と考えるのは甘い。
1481974773353959427,筒状であるからと言って憂えるわけではない。そもそも人体など歩く消化管なのだ。外も内もないクラインのツボなのだ。<n><n>一度自分で自分の中に入ってみればそれが如何に外であるかが分かる。<n><n>内臓はとどのつまり外臓なのである。<n><n>だからどうか私に近寄らないで。キモチワルイから。<n><n>またこんど！！
1481973418186899456,トロピカル国のガソリンスタンド前などで、筒状の布看板に下から風を送って垂直になびかせてアイキャッチしているアレなのだ私は。<n><n>私は己のアイキャッチャーでありまた実体である。
1481972201318678529,これは本当の話で、現在のガーデンテーブルは３個めだ。今はワイヤーで下に留めてある。<n><n>そこで寛いている時に吹かれたらテーブルにつかまれば体が宙に浮くだけで済む。<n><n>突風の日、ステルスは逆さまの垂直になってなびいている。<n><n>オマエタチはステルスになびいている。しっしっ。
1481970859799900162,つくばの土地は、冬にはつくばおろしに飛ばされ、春には姫踊り子草の噴射でもまた飛んでゆく。<n><n>春嵐の季節には桜の花びらに混じってあろるの館のガーデンテーブルさえ飛んで行く。<n><n>テーブルはどうかあのバーベキューの上に落ちますように。
1481969470638010373,つくば降ろしは５度の気温も鋭利な刃物に変える。<n><n>横殴りに責めるのがアイツラだが植物はその空力特性により水平回転を見せる。<n><n>あまりに多くの葉があまりに速く水平回転するために野原が飛んでゆくことがある。
1481968305082892288,近ごろリンゴの消費量が増えている。あろるの館では。（青森産倒置法）<n><n>一口大にカットしたリンゴをあろるの草原で水平に回転する葉見て悦に入るのだ。つくばおろしの（男体山的倒置法）。
1481966686043795464,もうすぐレモンハンてぃんぐだし、リンゴハンてィングのタイミングでもある。<n><n>こうなったら緩衝地帯に砦を作って一日中銃を構えて暮らす。
1481965555213303817,今日はまだ調子が出ないぞ、こら。
1481964343386587137,人は体内に海を抱えて陸に上がって来たというもっともらしい進化論的文脈はあっても半魚人が居ないことをもっともらしく語ってくれる人募集。
1481963281203929090,本日既に2Lの水を飲めたのは何故だろう。<n><n>いつも1.5Lがほぼ限界。
1481961974343008260,その物質は多くの人を救ったが、いまだに認知的不協和とストローマン論法の餌食になっている。<n><n>真実の信用を落とす常套手段。<n><n>（急に濃度の濃いものを飲むと下痢嘔吐の原因になる場合がある。ちゃんと勉強してから使いましょう）
1481960707059253251,と、まず書いておけば４分後には何か出てくると思ったので書いたのだ。<n><n>10年以上も前に強力なデトックス効果のある物質を飲んで下痢しなかったのは私だけだった。<n><n>毒の処理が間に合わず下痢や嘔吐で排出しようとする。<n><n>もっと書くとウジ虫が群がってくる。
1481959383726968833,その前に圧倒的にデトックスだ。
1481612120882302979,時計という時計から出て来たダンゴムシはヒトの耳から侵入し脳内で産卵する。それが時間という概念の正体だ。<n><n>人類はダンゴムシの奴隷だということに早く気づいてほしい。そうすれば全てがウソだと簡単に理解できるようになる。<n><n>これで今日のウソはつきじまい。<n><n>またこんど！！
1481611003268059136,古くなった柱時計から大量のマルムシ（ダンゴムシ）が出てくるのはそのためだ。
1481609871091200002,あまりに長く土に接していた腕を裏返すとマルムシが沢山付いている。<n><n>時間は物質化した後、マルムシになることが分かった。
1481608726427873281,従って「長いほうが得」と思った瞬間から単時間しか表示しない時計より何倍も重くなる。<n><n>腕ごと土にめりこんだ事は一度や二度ではない。<n><n>（ヒラサワまた始まった）
1481607658092507139,私の持っている腕時計は全部複数の時間を表示するようになっている。そうしないと安心しない。これは病気だ。<n><n>多分絶対時間のルールに従いながら拒否するという心根がそうさせるのかと思う。
1481605932794925058,ただ声には個体差がある。ただそれだけだ。貴方は他人に無い個体差を持っている。<n><n>何の話だった？<n><n>そうそう、腕時計で骨折する話だ。
1481604821463756800,貴方の中にある「６７歳一般」は存在しない。<n><n>そして私は日常的に声を鍛えていないし発声練習もしていない。<n>私が特別な仕様なのではなくて、尺度の外に居るだけだ。
1481603556973375489,貴方は６７歳で声が衰えない他に誰を知っている？<n><n>ほぼ知らないから「すげー」というのだ。<n><n>その尺度を知らずに自分に当てはめている。
1481602416789561344,それは何も今始まったものではない。<n><n>卑近な日常にも溢れているぞ。<n><n>例えばこうだ。<n><n>ヒラサワってさあ、67歳なのに全然声が衰えてねーな。すげー。<n><n>一見ヒラサワを誉めているようだが、これは貴方の老化を早めている。
1481601056526471169,存在しないものを尺度にするトリックは常套手段だ。<n><n>尺度を許せば次は強要に移る。
1481599911028301826,普遍のフリをする時間の量感はだれとも共有されていない。そんな普遍があるか。<n><n>だから皆いつもこう言う。<n><n>「あー、時間が足りない」<n><n>番人が時間に追いつけないという感覚はいつ誰に埋め込まれたのか。
1481598904433061888,時間とは主観なのに共有されるルールに盛り込まれるからややこしくなるのだ。<n><n>あいつはルールに忍び込むと普遍のフリをする。
1481597898114703373,こんな事を言う者は頭がオカシイのではないかと思うだろうが、そんなことはない。<n><n>もし時間で骨折した人がいるなら「お気の毒です」とお見舞いのことばをかけるくらいの常識はある。<n><n>（上の文言は全体的には非常識さが漂っている。一部に常識が盛り込まれているからといって騙されてはいけない）
1481596900788740099,今日もこんな時間になってしまった。<n><n>この世には長い方が良い時間と<n>短いほうが良い時間がある。<n>計ってみると両者の実時間が同じ<n>であることもある。<n><n>それなら長い方が得、という思想で時間は固体化する。すると腕時計がどんどん重くなり、しまいに骨折する。
1480887221645459456,死に囲まれた綾瀬の赤紫に暮れる空を仰いで少年はボソっと呟いた。<n><n>ロケットは晩年も空を行くだろうし。。。。<n><n>その足で大曲りのバス停へ行き、亀有でついにゲロを吐いた。<n><n>またこんど！！
1480886208091852803,そんなふうだから、私を「動物に育てられた少年」と呼んでもいいかも知れない。<n><n>しかし、私を育てたのは死んだ動物ばかりだ。
1480885201517494272,牛の悲哀が沁みた高い塀と畑の間の小道を行くと綾瀬に着く。そこには漢方薬屋さんの店先に飾られたセンザンコウの剥製があり、向かいの古道具屋には大きくて甲羅がピカピカに磨かれた亀の剥製がぶら下がっていた。<n><n>道端には死んだ目をした誰かのお父さんが昼間から酔ってトラ。<n><n>動物で溢れた町
1480884194976972800,曲がる道から少し行くととても高い塀で囲まれた場所から牛の声が聞こえる。高い塀の中で順番を待つ牛の声は悲しげで、とても高い塀でかこまれた義務教育で順番を待つ己の発する声を投影した。<n><n>牛は食うまい。
1480883188394127370,曲がる幼年ステルスはしばしば「大曲り」でバスを降り吐き気を我慢しながら（バスに乗ると100%酔う）牛のトサツ場へと向かった。（そこがトサツ場であることは少年ステルスの推測で、確証はありません。トサツ場見たさに大曲りへ行かないように）。
1480882181568270338,少年期のステルスにおいて、曲がる曲がらないの概念は地名においても少年を曲げた。<n><n>亀有から綾瀬に向かうバスの路線には「大曲り」というバス停があり、本当に大きく曲がっている道の途中にあった。
1480881174977335297,私は小学生の頃から曲がりっぱなしだが、曲がったことが大嫌いな平沢四郎は夏の日の生ぬるい風を切って走る自転車をこぎながら解けてしまった「さらし」が３メートルもの後方になびく様もまたまっすぐだった。
1480880168658898944,高度な直進者を必要とする事業があるなら、私は今村君を推薦する。<n><n>直進の第一人者になれなかったステルスは後に曲がった道を歩むことになる。<n><n>曲がった道とは音楽家のことである。<n><n>曲だけに。
1480879161837117443,残念ながら我々の直進ゲームの時代には人様の庭や屋根や池を通過しても良いとするルールは無かった（今も無い）。<n><n>それでも今村君はほとんどの区域を直進で制覇した。直進において彼にかなうものはいない。
1480878155162292225,昔、ロシアのどこかには詩人と音楽家に限って人様の屋根に上っても良いというルールがあったそうだ。<n><n>（余談だが、音楽家は他人の冷蔵庫を開けて食べて良いとするルールで救われるのは良い音楽家だろうか？ダメな音楽家だろうか？）
1480877148831420417,今村君は全ての能力を備えており、少年ステルスごときがかなう相手ではなかった。<n><n>少年ステルスは身体能力よりもむしろ概念をぶっちぎる能力に欠ける法律準拠の小学生だった。
1480876141917323271,どうしても直進できない場合は３メートル程度の迂回は許される。<n><n>直進ゲームは脚力、腕力、バランス能力などの運動神経のみならずプライバシー、法律、礼儀、道徳倫理をぶっちぎる能力が必要となる、かなり悪い遊びで逮捕される可能性がある。
1480875135238291456,今村君とはよく直進ゲームをやったものだ。<n><n>直進ゲームとは、ここから誰それの家まで曲がらずに行く、というものだ。行く手に人様の庭があろうが屋根があろうが池があろうが構わず侵入して直進する。
1480874128840146945,「助っ人が居る」で思い出したが、今村君はどんな条件でも直進する才能を持っている。<n><n>そんな今村君は常に少年ステルスの助っ人を自称していた。<n><n>役に立った記憶はあまりないけど。
1480873122261729280,出演者を切ったり焙ったりはしない。<n><n>それを舞台に並べてもキモチワルイだけである。<n><n>気が付けば2015年までとは違い、助っ人が居る。
1480872119277817859,言わば設計図を描くような作業は終わった。<n><n>これより多方面との打ち合わせを経て、切ったり削ったり焙ったりする実作業に向かう。
1480524880185798660,蟹は立ち止まって己の振る舞いを振り返ることができない。顔が横についているからだ。<n><n>蟹は常に海を目指して進んでいるが、顔が横についているために視野には海を捉えているものの、延々と海岸線沿いに進むだけなのだ。<n><n>誰か蟹に言ってやってくれ、早く横歩きを覚えろと。<n>またこんど！！
1480523533063458820,ところが蟹の認識を改めれば自体はより複雑になる。<n><n>蟹は横歩きしない。<n>蟹は前と後ろに手足が付いているのであり顔は横腹についている。<n>ゆえにあれは前進に次ぐ前進である。<n><n>蟹はこの世の前進を代表する生き物だが、食べられてしまうので、気運は後退する。
1480522373082525698,そして認識の脱皮も試みようと思う。<n><n>蛇が長いものだという先入観を捨てれば真実が分かる。長いのは幅だ。幅の片方に顔があり、反対側がすぼんでいるのが蛇である。<n><n>蛇は蟹のように横歩きしかできない。
1480521246077222912,人格の脱皮を見せても蛇は巻いていたトグロをクエスチョンマークに変えるだけではる。<n><n>感嘆符に変わるまで脱皮を続けようと心に決めている。
1480520082669588491,対象動物の行為を真似ることが親睦を深めると信じている私が蛇と仲良くなれない理由は脱皮ができないからである。
1480518819240353794,私は猫に噛まれた時、噛み返して同族意識を深めて来た。だから猫は私は猫だと思っている。<n><n>しかし、毛虫に落ちられたからといって毛虫に落ち返すことはできない。これが何年経っても私が毛虫になれない理由だ。<n><n>(無駄口大作戦）
1480517532817969155,ところが堀切菖蒲園に行き、藤棚の上から毛虫が落ちて来ても大丈夫なのだ。
1480516452499468288,同様に菖蒲湯もダメである。<n><n>菖蒲運の無い男。
1480515166928515073,人は物質の通り道だ。<n><n>私の中を柚子が通り過ぎる時、さしたる事件は起こらない。<n><n>私の外側に柚子湯があるときこそ事件になる。ヒリヒリするのだ。<n><n>普通外皮は内側を守るものだが、柚子に関しては外皮を守る強い内粘膜という構図が成り立つ無気味な消化管を持つ。
1480514015109722113,私は今日、ご近所様と神の恵みにより、柚子となつみかんのリッチになった。<n><n>明日から２馬力の撹拌機械の中に柑橘の竜巻た立つ。
1480512948804399112,とはいえ、過去においては就寝中の顔面に猫がろーした。<n><n>これは顔面上の事件である。<n><n>就寝中の私の無意識は猫と結託して事件を成就させた。起こすより成就させたほうが楽しいという、さすが私の無意識。
1480511740853039105,多分私は飛行中の飛行機の扉が開いてしまい不意にそこから飛び出てしまい大地に向かって降下してしまってもこの顔だと思う。<n><n>顔に事件の無い男
1480510734622765060,それら全てのファイルが修復できた喜びに破顔したくとも表情筋の無い私は何も解決しなかった人のように見える。
1480509738559307778,何日もかけて書いたものが「適正ファイルではありません」と拒否され開かなくなった苦渋で表情を歪めたくとも表情筋の無い私は事件の当事者ではないように見える。
1480162784042434561,という訳で今日の凍てつくTWはオおしまい。また次の凍てつくTWでお会いしましょ。<n><n>ちょーまたこんど！！
1480162217610063872,現代語感のミライ的ミイラはマイ　マミーの死したる姿のマミーである。<n><n>それは私の地雷です。<n><n>と英語で言う時の心の躍動と同じ周波数で空を振動させる幼児ステルスがついに大人になってここにいる。
1480161003463528452,「恐怖のマミー」の「恐怖」は抑揚を付けずに棒で発音する。<n><n>現代の「ちょーやばくね？」の「ちょー」のイントネーションと同じ。<n><n>現代語感的冠詞を持つミイラ。<n><n>（無駄すぎるTW）
1480159419224641536,まだTVが白黒だったころ。幼児ステルスは眼を白黒させながら「恐怖のマミー」という番組を見ていた。<n><n>マミーとはミイラのことだと知らず、世の母親はいつかミイラになって人を襲うのだという理解を得ることになった。TVから。（幼児の倒置法）
1480158412478590978,ストップ！オマエタチ、♡マークを押してはいけない。<n><n>このスキに押すのだ！<n><n>（第三弾）
1480157405820248065,マルチエフェクターはギターの音を処理するものだが、それ自体蹴ると音がする。<n><n>「これをミイラ捕りがミイラになった」と言う。<n><n>全く言わない。ミイラは蹴ったところで予想通りの音しかしない。<n><n>（今日の無駄なTWシリーズ第二弾）
1480156399338328067,私は今、金属製のPCデスクの足元を床から数センチ上げた棚板的部位に乗せた重たいマルチエフェクターを足で蹴ると金属が振動して珍妙な音がするため、何度も何度も蹴りながらTWする者となった。
1480155392743116800,ライフロガーのストレス値が上がったので青の間を出てみるとカナヘビの者が息絶えていた。<n><n>バンギャでないカナヘビの越冬係志願叶わず。<n><n>この場合は「隣接次元に漏れた」で良い。
1480154386013638657,カナヘビの者を小さな箱に入れ、仕事場に籠るステルスは、クラッシュを繰り返すソフトウエアを指差し<n><n>「このソフトウエアに死を！このソフトウエアに死を！このナイトメアのソフトウエアに死を！」<n><n>とののしりながら働いたのであった。
1480153379363909638,意気込んだステルスはカナヘビの者を暖かい部屋に招き入れ、自主<n>的に動き出すのを確認した。<n><n>如何なる種類の生命圏でも自主的に動くことは喜ばれるのである。<n>それこそ生命たる所以である。
1480152372894523392,ところでPEVO1号のカマキリも凍死寸前だったがバンギャではない。<n><n>（バンギャは凍死するという偏見を世界から無くそう！）
1480151366014095360,二度寝に成功する冬の民もいれば冬眠に失敗するカナヘビもいる。<n><n>拾い上げて暖かい息を吹きかけるならば目を開けて反応した。<n><n>よーし、PEVO1号のカマキリに対抗して行倒れのバンギャではないカナヘビを越冬させるか。<n><n>と意気込んだ。
1480150359637168129,今日、玄関の前に行倒れていた者あり。<n><n>バンギャではない。<n><n>冬眠に失敗したカナヘビだ。
1480149353016688642,このことにより貴方は社長の容易さを知るでもなく下足番の偉大さを知るでもない。<n><n>単にヒラサワを知るのである。<n><n>（単に無駄なTW）
1480148346731855873,下位の仕事ができない上位とは人の態様にも似たり。<n><n>だが、<n><n>私は社長として下足番ができる。<n>より正確には、下足番として社長ができる。
1480147347019546624,本日もワープロより上位に位置するPCは下位なるワープロ仕事でクラッシュし、そしてクラッシュし、ついにクラッシュする。<n><n>私の脳がクラッシュする飛沫を浴びなさい。
1479800387041660935,そしてモジュラーシンセの世界では小西健司も私の背中を押す存在だ。<n><n>あ、ちょっと待って。今中川橋の欄干で福間の供養をと。。あ、<n>背中、、今押したら。。だめかと。。。あ、<n><n>またこんど！！
1479799393167745028,BLACK SYSTEM IIIを使って、今とは違う一人パフォーマンスを構築しようと考えている。<n><n>もしもそれが完成したなら、半分は福間の功績だと思っていただきたい。
1479797805019705347,彼は周辺のERICA 使用者のコメントを集めてくれたり、彼なりの評価を示してくれ、結果「買い」と判断した。<n><n>私がBLACK SYSTEM IIIを使って何かをしたら、それは福間の置き土産だと思っていただきたい。
1479796584301080577,次の「Filter」にゆるめのコメントを載せているERICA BLACK SYSTEM III」というモジュラーシンセを導入するにあたり、福間のアドバイスを受けた。
1479795319882027010,え？　何でフォロワー増えているんでしょうか？
1479794271717044224,あ、こっちの言い方のが面白い。<n><n>ステージと客席で「音楽が好き」という告白をし合っているだけ。<n><n>それがどうした？<n><n>いいえ、どうもいたしません。<n><n>生意気言いました。<n>私を風上に置いてはいけません。
1479793079414845440,パロディーにすらなっていない。<n><n>音楽が好きという告白があるだけ。
1479791932897640450,70年代80年代には多くの「概念」供給者たちがステージを飾った。<n><n>21世紀は先人のレガシーを消費する者がステージに目立つ。プロもアマも。<n><n>レガシー？ガワだけな。
1479790395962060807,DEVOをコミックバンドと見る脳活動は悲しいばかりだ。<n><n>鋭利な批評能力と観察力そしてパロディーを卓越したセンスで披露するパンクの科学者だ。
1479789241999986692,人類からDEVOが生じた。<n><n>残念ながら私が見たこれ以上の進化はない。
1479786965096615938,素人が活字を扱えるようになったのは革命的だった。<n><n>技術は進化が止まらない。<n><n>人は退化が止まらない。
1479785958866366465,80年代は手書きの会報からワープロの会報への移行期なのだ。<n><n>ワープロでプリントアウトした文章を切り張りして物理版下を作って印刷所へ。
1479784953521090561,80年代のワープロでもできるような仕事でクラッシュしまくるとは何の戒めなのか。
1479437608543735816,DS-21のガワだけ買って、中はセグウエイが最も確実。<n><n>ガワだけ売って～。<n><n>またこんど！！
1479436562417201158,ダイハツタントはどうだ？
1479435428025757704,ダメダメダメダメ！！<n><n>じゃあ<n><n>DS-21は？<n><n>もっとダメ！！<n><n>この世で最も美しい車。。。。
1479434159492050948,今時チョークを引っ張ってエンジンをかける。暖機運転必要。エンジン動かなかったらどうする？<n><n>「壊れますか？」と尋ねれば<n>「機械ですから」との回答。<n><n>壊れないと言って欲しいけど<n><n>「直せない故障はない」との回答。
1479432728466853892,しかもイギリスで電気自動車化された2CVが売られている。<n><n>ダメダメダメ！！<n><n>あんな小さなバッテリーじゃ東京往復できない。
1479431634143576070,なんとフランスでまだ新車が作られている。納期１年。<n><n>ダメダメダメダメ！！<n>リスクはダメダメダメダメ！！<n><n>それに安全性。私は高速を多用するのでブリキの缶詰みたいなのはダメ。<n><n>ああ、でも美しいな。
1479430307942400000,2CVばっかり見てる！<n><n>またリスクを抱えようというのか。<n><n>通達：ヒラサワ品質とはリスクの数で決まる。
1479429200784523267,「もう無理」となった場合どうするんだろうとWebをチラチラと見ていてハッとした。
1479427770589790213,売り切れ<n>臨時休業<n>マシントラブルによる供給不可<n>圧力低下による「やんわりと満タン事件」<n>予約必須のステーション
1479426644506861568,私は「人」である以前に「人柱」として長年生きて来た。<n><n>しかし、この度は「もう無理」と言いたいのを我慢している。<n><n>ライブ中、歌の途中で思わず「もう無理」と言ってしまったらそれは人柱生活のことで、歌のことではない。
1479425583746633733,「”つくば”から横浜に帰れないくらいでMIRAIに乗れるかこら！」<n><n>というステッカーが貼ってあった。<n><n>貼ってないけど。
1479424577163849737,先客MIRAIの窓をノックし「かくかくしかじか」と申し上げたら絶望的な顔をしていらした。<n><n>横浜ナンバー。。。。<n><n>横浜まで帰れただろうか。
1479423570828836871,待てど暮らせど給水素車が来ないので元締めに電話した。<n><n>雪のせいで神奈川から給水素車が出られないので臨時休業だとの回答。<n><n>前のMIRAIは知らないようだ。
1479422574228480003,最寄りの水素ステーションに行った。<n><n>オープン20分前にも関わらず先客は１台しか居なかった。
1479076193463062533,では黒沢と白沢の違いはどこで見分けるかというと、体内電流の極性が違います。<n><n>頭部がマイナスで足部がプラスの場合が白沢。<n>その逆が黒沢。<n>過去がマイナスで未来がプラスの極性が今沢です。<n><n>分からない場合は電池の残量を調べる方法が使えます。<n><n>不発！！<n><n>またこんど！！
1479074017772699652,花子-猫　と<n>花子-気取りや<n>は外見や風情で判別できますが<n>花子-わらいじょうご<n>は酔わせてみるまで分からない<n>という不便さがあります。<n><n>出席を取る度に飲まされていたのでは酒が抜ける暇がありません。
1479072969872011264,サブタイトルは例えばこうです。<n><n>花子-猫<n><n>花子-気取りや<n><n>花子-わらいじょうご<n><n>等。
1479071863909367809,細かいこと気にしないおおらかな国民でも朝出て行った旦那さんと夜帰って来た旦那さんが違う場合はさすがに問題視します。<n><n>あ、喜ぶ人は勘定に入れてません。
1479070777836466177,１つの集団の中に同じ名前が３人居るのは、細かいこと気にしないおおらかな国民にとっても不便なことで、名前の後に本人の特徴を表すサブタイトルが付けられています。
1479069627485671434,違う人が来ることは良くあることです。<n><n>同じ名前が３人いる場合の白日夢は悪夢となります。
1479068334369165315,トロピカル国では何かと白日夢が起こりやすく、ルームサービスが二回届いたり、ウドンさんから「これから行きます」と電話があり、「ロビーに到着しました」というのでロビーに行くとスビシャイさんだったりします。<n><n>「はじめましてスビシャイさん」と挨拶すると「僕ウドンです」となります。
1479067222500806656,ローズアップルの食感は林檎とは違います。<n><n>プリンセスパプリカに似ています。<n><n>以下、繰り返し。
1479066215758761984,トロピカル国へ行った場合はローズアップルとマンゴスチンはステルス定番となります。<n><n>マンゴスチンに先に手を伸ばすと現地人に叱られます。<n><n>ローズアップルは味が薄いため濃い味のフルーツを先に食べると味が感じなくなり食感だけの白日夢になるという訳です。
1479064202580873216,このものをプリンセスと呼ぶなら<n><n>あのものはプリンスだ。<n><n>自然界は概ね女子のほうが大きい。<n><n>それでよい。
